-- --------------------------------------------------------
-- Хост:                         127.0.0.1
-- Версия сервера:               5.7.18-log - MySQL Community Server (GPL)
-- Операционная система:         Win64
-- HeidiSQL Версия:              9.5.0.5196
-- --------------------------------------------------------

/*!40101 SET @OLD_CHARACTER_SET_CLIENT=@@CHARACTER_SET_CLIENT */;
/*!40101 SET NAMES utf8 */;
/*!50503 SET NAMES utf8mb4 */;
/*!40014 SET @OLD_FOREIGN_KEY_CHECKS=@@FOREIGN_KEY_CHECKS, FOREIGN_KEY_CHECKS=0 */;
/*!40101 SET @OLD_SQL_MODE=@@SQL_MODE, SQL_MODE='NO_AUTO_VALUE_ON_ZERO' */;

-- Дамп структуры для таблица webforms.merchanttocardtypes
CREATE TABLE IF NOT EXISTS `merchanttocardtypes` (
  `id` int(10) unsigned NOT NULL AUTO_INCREMENT,
  `MerchantId` bigint(20) unsigned NOT NULL,
  `CardType` varchar(191) COLLATE utf8mb4_unicode_ci NOT NULL,
  `created_at` timestamp NULL DEFAULT NULL,
  `updated_at` timestamp NULL DEFAULT NULL,
  PRIMARY KEY (`id`),
  KEY `merchanttocardtypes_merchantid_index` (`MerchantId`)
) ENGINE=InnoDB AUTO_INCREMENT=21 DEFAULT CHARSET=utf8mb4 COLLATE=utf8mb4_unicode_ci;

-- Дамп данных таблицы webforms.merchanttocardtypes: ~0 rows (приблизительно)
/*!40000 ALTER TABLE `merchanttocardtypes` DISABLE KEYS */;
INSERT INTO `merchanttocardtypes` (`id`, `MerchantId`, `CardType`, `created_at`, `updated_at`) VALUES
	(1, 5436845557429932, 'V', '2018-04-16 12:41:34', '2018-04-16 12:41:34'),
	(2, 5436845557429932, ' MC', '2018-04-16 12:41:35', '2018-04-16 12:41:35'),
	(3, 5436845557429932, ' DS', '2018-04-16 12:41:36', '2018-04-16 12:41:36'),
	(4, 5436845557429932, ' AE', '2018-04-16 12:41:37', '2018-04-16 12:41:37'),
	(5, 5436845557429932, ' Diners', '2018-04-16 12:41:38', '2018-04-16 12:41:38'),
	(6, 5436845557429932, ' JCB', '2018-04-16 12:41:39', '2018-04-16 12:41:39'),
	(7, 5436845557429932, ' DEBIT', '2018-04-16 12:41:39', '2018-04-16 12:41:39'),
	(8, 5436845556975794, 'V', '2018-04-16 12:41:39', '2018-04-16 12:41:39'),
	(9, 5436845556975794, ' MC', '2018-04-16 12:41:39', '2018-04-16 12:41:39'),
	(10, 5436845556975794, ' DS', '2018-04-16 12:41:39', '2018-04-16 12:41:39'),
	(11, 5436845556975794, ' AE', '2018-04-16 12:41:40', '2018-04-16 12:41:40'),
	(12, 5436845556975794, ' Diners', '2018-04-16 12:41:40', '2018-04-16 12:41:40'),
	(13, 5436845556975794, ' JCB', '2018-04-16 12:41:40', '2018-04-16 12:41:40'),
	(14, 5436845556974250, 'V', '2018-04-16 12:41:40', '2018-04-16 12:41:40'),
	(15, 5436845556974250, ' MC', '2018-04-16 12:41:40', '2018-04-16 12:41:40'),
	(16, 5436845556974250, ' DS', '2018-04-16 12:41:41', '2018-04-16 12:41:41'),
	(17, 5436845556974250, ' AE', '2018-04-16 12:41:41', '2018-04-16 12:41:41'),
	(18, 5436845556974250, ' Diners', '2018-04-16 12:41:41', '2018-04-16 12:41:41'),
	(19, 5436845556974250, ' JCB', '2018-04-16 12:41:41', '2018-04-16 12:41:41'),
	(20, 5436845556974250, ' DEBIT', '2018-04-16 12:41:41', '2018-04-16 12:41:41');
/*!40000 ALTER TABLE `merchanttocardtypes` ENABLE KEYS */;

-- Дамп структуры для таблица webforms.merchant_autorizations
CREATE TABLE IF NOT EXISTS `merchant_autorizations` (
  `id` int(10) unsigned NOT NULL AUTO_INCREMENT,
  `MerchantId` bigint(20) unsigned NOT NULL,
  `TransactionTime` datetime NOT NULL,
  `TransactonType` varchar(191) COLLATE utf8mb4_unicode_ci DEFAULT NULL,
  `ProcessingCode` varchar(191) COLLATE utf8mb4_unicode_ci DEFAULT NULL,
  `ApprovedAmnt` decimal(10,2) DEFAULT NULL,
  `RequestedAmnt` decimal(10,2) DEFAULT NULL,
  `ReversalAmnt` decimal(10,2) DEFAULT NULL,
  `CashbackAmnt` decimal(10,2) DEFAULT NULL,
  `CardholderNumber` varchar(191) COLLATE utf8mb4_unicode_ci DEFAULT NULL,
  `Tokenized` varchar(191) COLLATE utf8mb4_unicode_ci DEFAULT NULL,
  `CardType` varchar(191) COLLATE utf8mb4_unicode_ci DEFAULT NULL,
  `ExpDate` date DEFAULT NULL,
  `ResponseCode` varchar(191) COLLATE utf8mb4_unicode_ci DEFAULT NULL,
  `AppruvalCode` varchar(255) COLLATE utf8mb4_unicode_ci DEFAULT NULL,
  `EntryMode` varchar(191) COLLATE utf8mb4_unicode_ci DEFAULT NULL,
  `TerminalId` int(10) unsigned DEFAULT NULL,
  `AVS` varchar(191) COLLATE utf8mb4_unicode_ci DEFAULT NULL,
  `CVV2` smallint(5) unsigned DEFAULT NULL,
  `VSiCVVResult` varchar(191) COLLATE utf8mb4_unicode_ci DEFAULT NULL,
  `VSCardAuthResult` varchar(191) COLLATE utf8mb4_unicode_ci DEFAULT NULL,
  `VSFallback` varchar(191) COLLATE utf8mb4_unicode_ci DEFAULT NULL,
  `MCAuthId` varchar(191) COLLATE utf8mb4_unicode_ci DEFAULT NULL,
  `FileSource` varchar(191) COLLATE utf8mb4_unicode_ci DEFAULT NULL,
  `created_at` timestamp NULL DEFAULT NULL,
  `updated_at` timestamp NULL DEFAULT NULL,
  PRIMARY KEY (`id`),
  UNIQUE KEY `uniq` (`MerchantId`,`TransactionTime`),
  KEY `merchant_autorizations_merchantid_index` (`MerchantId`)
) ENGINE=InnoDB AUTO_INCREMENT=257 DEFAULT CHARSET=utf8mb4 COLLATE=utf8mb4_unicode_ci;

-- Дамп данных таблицы webforms.merchant_autorizations: ~256 rows (приблизительно)
/*!40000 ALTER TABLE `merchant_autorizations` DISABLE KEYS */;
INSERT INTO `merchant_autorizations` (`id`, `MerchantId`, `TransactionTime`, `TransactonType`, `ProcessingCode`, `ApprovedAmnt`, `RequestedAmnt`, `ReversalAmnt`, `CashbackAmnt`, `CardholderNumber`, `Tokenized`, `CardType`, `ExpDate`, `ResponseCode`, `AppruvalCode`, `EntryMode`, `TerminalId`, `AVS`, `CVV2`, `VSiCVVResult`, `VSCardAuthResult`, `VSFallback`, `MCAuthId`, `FileSource`, `created_at`, `updated_at`) VALUES
	(1, 5436845557429932, '2018-04-04 09:38:15', NULL, NULL, 80.25, NULL, NULL, NULL, '531260......8536', NULL, 'MC', NULL, 'Approval', '113086', 'Chip Read', 10001, NULL, NULL, NULL, NULL, NULL, NULL, NULL, '2018-04-11 07:14:49', '2018-04-11 07:14:49'),
	(2, 5436845557429932, '2018-04-03 14:28:09', NULL, NULL, 107.00, NULL, NULL, NULL, '406095......1080', NULL, 'VISA', NULL, 'Approval', '04217D', 'Chip Read', 10001, NULL, NULL, NULL, NULL, NULL, NULL, NULL, '2018-04-11 07:14:49', '2018-04-11 07:14:49'),
	(3, 5436845557429932, '2018-04-02 15:45:33', NULL, NULL, 69.55, NULL, NULL, NULL, '542418......3511', NULL, 'MC', NULL, 'Approval', '52405B', 'Chip Read', 10001, NULL, NULL, NULL, NULL, NULL, NULL, NULL, '2018-04-11 07:14:49', '2018-04-11 07:14:49'),
	(4, 5436845557429932, '2018-04-02 14:00:06', NULL, NULL, 53.50, NULL, NULL, NULL, '558828......7554', NULL, 'MC', NULL, 'Approval', '60454E', 'Chip Read', 10001, NULL, NULL, NULL, NULL, NULL, NULL, NULL, '2018-04-11 07:14:49', '2018-04-11 07:14:49'),
	(5, 5436845557429932, '2018-04-02 11:21:08', NULL, NULL, 42.80, NULL, NULL, NULL, '534860......3812', NULL, 'MC', NULL, 'Approval', '132717', 'Chip Read', 10001, NULL, NULL, NULL, NULL, NULL, NULL, NULL, '2018-04-11 07:14:50', '2018-04-11 07:14:50'),
	(6, 5436845557429932, '2018-04-02 10:36:22', NULL, NULL, 107.00, NULL, NULL, NULL, '480213......8775', NULL, 'VISA', NULL, 'Approval', '086752', 'Chip Read', 10001, NULL, NULL, NULL, NULL, NULL, NULL, NULL, '2018-04-11 07:14:50', '2018-04-11 07:14:50'),
	(7, 5436845557429932, '2018-04-02 09:52:02', NULL, NULL, 535.50, NULL, NULL, NULL, '414724......8350', NULL, 'VISA', NULL, 'Approval', '20233D', 'Chip Read', 10001, NULL, NULL, NULL, NULL, NULL, NULL, NULL, '2018-04-11 07:14:50', '2018-04-11 07:14:50'),
	(8, 5436845557429932, '2018-04-02 09:51:31', NULL, NULL, 535.50, NULL, NULL, NULL, '429475......8702', NULL, 'VISA', NULL, 'Not Sufficient Funds', '', 'Chip Read', 10001, NULL, NULL, NULL, NULL, NULL, NULL, NULL, '2018-04-11 07:14:50', '2018-04-11 07:14:50'),
	(9, 5436845557429932, '2018-04-02 09:51:02', NULL, NULL, 535.50, NULL, NULL, NULL, '429475......8478', NULL, 'VISA', NULL, 'Not Sufficient Funds', '', 'Chip Read', 10001, NULL, NULL, NULL, NULL, NULL, NULL, NULL, '2018-04-11 07:14:50', '2018-04-11 07:14:50'),
	(10, 5436845557429932, '2018-04-02 09:40:11', NULL, NULL, 123.05, NULL, NULL, NULL, '469596......7533', NULL, 'VISA', NULL, 'Approval', '00344A', 'Chip Read', 10001, NULL, NULL, NULL, NULL, NULL, NULL, NULL, '2018-04-11 07:14:50', '2018-04-11 07:14:50'),
	(11, 5436845556975794, '2018-04-04 20:13:31', NULL, NULL, 8.29, NULL, NULL, NULL, '473702......0081', NULL, 'VISA', NULL, 'Approval', '061282', 'Swipe', 10001, NULL, NULL, NULL, NULL, NULL, NULL, NULL, '2018-04-11 07:14:50', '2018-04-11 07:14:50'),
	(12, 5436845556975794, '2018-04-04 19:32:47', NULL, NULL, 44.26, NULL, NULL, NULL, '435142......0561', NULL, 'VISA', NULL, 'Approval', '061962', 'Swipe', 10001, NULL, NULL, NULL, NULL, NULL, NULL, NULL, '2018-04-11 07:14:50', '2018-04-11 07:14:50'),
	(13, 5436845556975794, '2018-04-04 19:28:04', NULL, NULL, 87.42, NULL, NULL, NULL, '531260......5386', NULL, 'MC', NULL, 'Approval', '112989', 'Magnetic Stripe w/Track Data', 10001, NULL, NULL, NULL, NULL, NULL, NULL, NULL, '2018-04-11 07:14:50', '2018-04-11 07:14:50'),
	(14, 5436845556975794, '2018-04-04 18:53:29', NULL, NULL, 10.78, NULL, NULL, NULL, '473702......3699', NULL, 'VISA', NULL, 'Approval', '050131', 'Swipe', 10001, NULL, NULL, NULL, NULL, NULL, NULL, NULL, '2018-04-11 07:14:50', '2018-04-11 07:14:50'),
	(15, 5436845556975794, '2018-04-04 18:49:03', NULL, NULL, 80.43, NULL, NULL, NULL, '545313......9976', NULL, 'MC', NULL, 'Approval', '005533', 'Magnetic Stripe w/Track Data', 10001, NULL, NULL, NULL, NULL, NULL, NULL, NULL, '2018-04-11 07:14:51', '2018-04-11 07:14:51'),
	(16, 5436845556975794, '2018-04-04 18:43:05', NULL, NULL, 23.74, NULL, NULL, NULL, '552486......1706', NULL, 'MC', NULL, 'Approval', '09169Z', 'Magnetic Stripe w/Track Data', 10001, NULL, NULL, NULL, NULL, NULL, NULL, NULL, '2018-04-11 07:14:51', '2018-04-11 07:14:51'),
	(17, 5436845556975794, '2018-04-04 18:04:15', NULL, NULL, 69.09, NULL, NULL, NULL, '474476......1764', NULL, 'VISA', NULL, 'Approval', '160048', 'Swipe', 10001, NULL, NULL, NULL, NULL, NULL, NULL, NULL, '2018-04-11 07:14:51', '2018-04-11 07:14:51'),
	(18, 5436845556975794, '2018-04-04 18:03:09', NULL, NULL, 83.11, NULL, NULL, NULL, '435545......1596', NULL, 'VISA', NULL, 'Approval', '019103', 'Swipe', 10001, NULL, NULL, NULL, NULL, NULL, NULL, NULL, '2018-04-11 07:14:51', '2018-04-11 07:14:51'),
	(19, 5436845556975794, '2018-04-04 17:15:44', NULL, NULL, 41.02, NULL, NULL, NULL, '473702......1137', NULL, 'VISA', NULL, 'Approval', '086731', 'Swipe', 10001, NULL, NULL, NULL, NULL, NULL, NULL, NULL, '2018-04-11 07:14:51', '2018-04-11 07:14:51'),
	(20, 5436845556975794, '2018-04-04 16:28:12', NULL, NULL, 99.33, NULL, NULL, NULL, '517805......2148', NULL, 'MC', NULL, 'Approval', '04360P', 'Magnetic Stripe w/Track Data', 10001, NULL, NULL, NULL, NULL, NULL, NULL, NULL, '2018-04-11 07:14:51', '2018-04-11 07:14:51'),
	(21, 5436845556975794, '2018-04-04 15:34:13', NULL, NULL, 100.00, NULL, NULL, NULL, '463576......5624', NULL, 'VISA', NULL, 'Approval', '163444', 'Swipe', 10001, NULL, NULL, NULL, NULL, NULL, NULL, NULL, '2018-04-11 07:14:51', '2018-04-11 07:14:51'),
	(22, 5436845556975794, '2018-04-04 13:06:45', NULL, NULL, 10.26, NULL, NULL, NULL, '421718......6457', NULL, 'VISA', NULL, 'Approval', '762714', 'Swipe', 10001, NULL, NULL, NULL, NULL, NULL, NULL, NULL, '2018-04-11 07:14:51', '2018-04-11 07:14:51'),
	(23, 5436845556975794, '2018-04-04 11:39:34', NULL, NULL, 32.38, NULL, NULL, NULL, '473702......4069', NULL, 'VISA', NULL, 'Approval', '058681', 'Swipe', 10001, NULL, NULL, NULL, NULL, NULL, NULL, NULL, '2018-04-11 07:14:51', '2018-04-11 07:14:51'),
	(24, 5436845556975794, '2018-04-04 11:38:42', NULL, NULL, 25.90, NULL, NULL, NULL, '601100......5555', NULL, 'DS', NULL, 'Approval', '00481R', 'Magnetic Stripe', 10001, NULL, NULL, NULL, NULL, NULL, NULL, NULL, '2018-04-11 07:14:51', '2018-04-11 07:14:51'),
	(25, 5436845556975794, '2018-04-04 11:34:00', NULL, NULL, 11.87, NULL, NULL, NULL, '372721......4002', NULL, 'AM', NULL, 'Approval', '525765', 'Swiped', 10001, NULL, NULL, NULL, NULL, NULL, NULL, NULL, '2018-04-11 07:14:51', '2018-04-11 07:14:51'),
	(26, 5436845556975794, '2018-04-04 10:56:33', NULL, NULL, 55.05, NULL, NULL, NULL, '483312......9411', NULL, 'VISA', NULL, 'Approval', '035612', 'Swipe', 10001, NULL, NULL, NULL, NULL, NULL, NULL, NULL, '2018-04-11 07:14:52', '2018-04-11 07:14:52'),
	(27, 5436845556975794, '2018-04-03 19:32:08', NULL, NULL, 27.52, NULL, NULL, NULL, '434258......5887', NULL, 'VISA', NULL, 'Approval', '089781', 'Swipe', 10001, NULL, NULL, NULL, NULL, NULL, NULL, NULL, '2018-04-11 07:14:52', '2018-04-11 07:14:52'),
	(28, 5436845556975794, '2018-04-03 19:31:14', NULL, NULL, 70.17, NULL, NULL, NULL, '482854......9055', NULL, 'VISA', NULL, 'Approval', '037732', 'Swipe', 10001, NULL, NULL, NULL, NULL, NULL, NULL, NULL, '2018-04-11 07:14:52', '2018-04-11 07:14:52'),
	(29, 5436845556975794, '2018-04-03 19:30:36', NULL, NULL, 59.37, NULL, NULL, NULL, '473702......5865', NULL, 'VISA', NULL, 'Approval', '093704', 'Swipe', 10001, NULL, NULL, NULL, NULL, NULL, NULL, NULL, '2018-04-11 07:14:52', '2018-04-11 07:14:52'),
	(30, 5436845556975794, '2018-04-03 19:18:19', NULL, NULL, 19.43, NULL, NULL, NULL, '473702......2044', NULL, 'VISA', NULL, 'Approval', '095785', 'Swipe', 10001, NULL, NULL, NULL, NULL, NULL, NULL, NULL, '2018-04-11 07:14:52', '2018-04-11 07:14:52'),
	(31, 5436845556975794, '2018-04-03 19:10:58', NULL, NULL, 16.19, NULL, NULL, NULL, '473702......0947', NULL, 'VISA', NULL, 'Approval', '032340', 'Swipe', 10001, NULL, NULL, NULL, NULL, NULL, NULL, NULL, '2018-04-11 07:14:52', '2018-04-11 07:14:52'),
	(32, 5436845556975794, '2018-04-03 18:57:23', NULL, NULL, 22.68, NULL, NULL, NULL, '473702......3966', NULL, 'VISA', NULL, 'Approval', '095781', 'Swipe', 10001, NULL, NULL, NULL, NULL, NULL, NULL, NULL, '2018-04-11 07:14:52', '2018-04-11 07:14:52'),
	(33, 5436845556975794, '2018-04-03 16:44:41', NULL, NULL, 44.26, NULL, NULL, NULL, '474476......7906', NULL, 'VISA', NULL, 'Approval', '134042', 'Swipe', 10001, NULL, NULL, NULL, NULL, NULL, NULL, NULL, '2018-04-11 07:14:52', '2018-04-11 07:14:52'),
	(34, 5436845556975794, '2018-04-03 15:49:27', NULL, NULL, 29.14, NULL, NULL, NULL, '400344......3044', NULL, 'VISA', NULL, 'Approval', '07808B', 'Swipe', 10001, NULL, NULL, NULL, NULL, NULL, NULL, NULL, '2018-04-11 07:14:52', '2018-04-11 07:14:52'),
	(35, 5436845556975794, '2018-04-03 15:47:38', NULL, NULL, 25.90, NULL, NULL, NULL, '421718......4986', NULL, 'VISA', NULL, 'Approval', '829435', 'Swipe', 10001, NULL, NULL, NULL, NULL, NULL, NULL, NULL, '2018-04-11 07:14:52', '2018-04-11 07:14:52'),
	(36, 5436845556975794, '2018-04-03 14:03:09', NULL, NULL, 32.74, NULL, NULL, NULL, '371951......4003', NULL, 'AM', NULL, 'Approval', '528601', 'Swiped', 10001, NULL, NULL, NULL, NULL, NULL, NULL, NULL, '2018-04-11 07:14:53', '2018-04-11 07:14:53'),
	(37, 5436845556975794, '2018-04-03 13:26:40', NULL, NULL, 84.19, NULL, NULL, NULL, '483312......9657', NULL, 'VISA', NULL, 'Approval', '002615', 'Swipe', 10001, NULL, NULL, NULL, NULL, NULL, NULL, NULL, '2018-04-11 07:14:53', '2018-04-11 07:14:53'),
	(38, 5436845556975794, '2018-04-03 13:03:40', NULL, NULL, 16.59, NULL, NULL, NULL, '476559......2017', NULL, 'VISA', NULL, 'Approval', '220719', 'Swipe', 10001, NULL, NULL, NULL, NULL, NULL, NULL, NULL, '2018-04-11 07:14:53', '2018-04-11 07:14:53'),
	(39, 5436845556975794, '2018-04-03 12:06:45', NULL, NULL, 17.26, NULL, NULL, NULL, '473702......2802', NULL, 'VISA', NULL, 'Approval', '010605', 'Swipe', 10001, NULL, NULL, NULL, NULL, NULL, NULL, NULL, '2018-04-11 07:14:53', '2018-04-11 07:14:53'),
	(40, 5436845556975794, '2018-04-03 11:32:45', NULL, NULL, 84.19, NULL, NULL, NULL, '433993......8435', NULL, 'VISA', NULL, 'Approval', '01546G', 'Swipe', 10001, NULL, NULL, NULL, NULL, NULL, NULL, NULL, '2018-04-11 07:14:53', '2018-04-11 07:14:53'),
	(41, 5436845556975794, '2018-04-03 11:24:15', NULL, NULL, 16.72, NULL, NULL, NULL, '435142......5746', NULL, 'VISA', NULL, 'Approval', '014956', 'Swipe', 10001, NULL, NULL, NULL, NULL, NULL, NULL, NULL, '2018-04-11 07:14:53', '2018-04-11 07:14:53'),
	(42, 5436845556975794, '2018-04-03 11:21:24', NULL, NULL, 18.89, NULL, NULL, NULL, '601100......5555', NULL, 'DS', NULL, 'Approval', '00387R', 'Magnetic Stripe', 10001, NULL, NULL, NULL, NULL, NULL, NULL, NULL, '2018-04-11 07:14:53', '2018-04-11 07:14:53'),
	(43, 5436845556975794, '2018-04-02 19:44:11', NULL, NULL, 51.79, NULL, NULL, NULL, '483312......2102', NULL, 'VISA', NULL, 'Approval', '014421', 'Swipe', 10001, NULL, NULL, NULL, NULL, NULL, NULL, NULL, '2018-04-11 07:14:53', '2018-04-11 07:14:53'),
	(44, 5436845556975794, '2018-04-02 18:14:07', NULL, NULL, 5.39, NULL, NULL, NULL, '473702......3699', NULL, 'VISA', NULL, 'Approval', '017825', 'Swipe', 10001, NULL, NULL, NULL, NULL, NULL, NULL, NULL, '2018-04-11 07:14:53', '2018-04-11 07:14:53'),
	(45, 5436845556975794, '2018-04-02 17:57:42', NULL, NULL, 46.40, NULL, NULL, NULL, '474476......2508', NULL, 'VISA', NULL, 'Approval', '105879', 'Swipe', 10001, NULL, NULL, NULL, NULL, NULL, NULL, NULL, '2018-04-11 07:14:53', '2018-04-11 07:14:53'),
	(46, 5436845556975794, '2018-04-02 17:57:25', NULL, NULL, 46.41, NULL, NULL, NULL, '435686......6440', NULL, 'VISA', NULL, 'Approval', '105570', 'Swipe', 10001, NULL, NULL, NULL, NULL, NULL, NULL, NULL, '2018-04-11 07:14:53', '2018-04-11 07:14:53'),
	(47, 5436845556975794, '2018-04-02 14:59:29', NULL, NULL, 38.86, NULL, NULL, NULL, '473702......9146', NULL, 'VISA', NULL, 'Approval', '063609', 'Swipe', 10001, NULL, NULL, NULL, NULL, NULL, NULL, NULL, '2018-04-11 07:14:54', '2018-04-11 07:14:54'),
	(48, 5436845556975794, '2018-04-02 13:32:59', NULL, NULL, 23.21, NULL, NULL, NULL, '421718......9327', NULL, 'VISA', NULL, 'Approval', '200279', 'Swipe', 10001, NULL, NULL, NULL, NULL, NULL, NULL, NULL, '2018-04-11 07:14:54', '2018-04-11 07:14:54'),
	(49, 5436845556975794, '2018-04-02 11:51:21', NULL, NULL, 102.02, NULL, NULL, NULL, '463576......0121', NULL, 'VISA', NULL, 'Approval', '195219', 'Swipe', 10001, NULL, NULL, NULL, NULL, NULL, NULL, NULL, '2018-04-11 07:14:54', '2018-04-11 07:14:54'),
	(50, 5436845556975794, '2018-04-02 11:30:56', NULL, NULL, 52.89, NULL, NULL, NULL, '483312......8619', NULL, 'VISA', NULL, 'Approval', '063013', 'Manual Key Entry', 10001, NULL, NULL, NULL, NULL, NULL, NULL, NULL, '2018-04-11 07:14:54', '2018-04-11 07:14:54'),
	(51, 5436845556975794, '2018-04-02 11:03:53', NULL, NULL, 108.49, NULL, NULL, NULL, '531264......8756', NULL, 'MC', NULL, 'Approval', '150436', 'Magnetic Stripe w/Track Data', 10001, NULL, NULL, NULL, NULL, NULL, NULL, NULL, '2018-04-11 07:14:54', '2018-04-11 07:14:54'),
	(52, 5436845556975794, '2018-04-02 10:58:47', NULL, NULL, 68.00, NULL, NULL, NULL, '557621......3162', NULL, 'MC', NULL, 'Approval', '001926', 'Magnetic Stripe w/Track Data', 10001, NULL, NULL, NULL, NULL, NULL, NULL, NULL, '2018-04-11 07:14:54', '2018-04-11 07:14:54'),
	(53, 5436845556975794, '2018-04-02 08:55:22', NULL, NULL, 84.17, NULL, NULL, NULL, '379638......3009', NULL, 'AM', NULL, 'Approval', '241371', 'Keyed', 10001, NULL, NULL, NULL, NULL, NULL, NULL, NULL, '2018-04-11 07:14:54', '2018-04-11 07:14:54'),
	(54, 5436845556975794, '2018-04-01 20:28:11', NULL, NULL, 106.87, NULL, NULL, NULL, '473702......5332', NULL, 'VISA', NULL, 'Approval', '004230', 'Swipe', 10001, NULL, NULL, NULL, NULL, NULL, NULL, NULL, '2018-04-11 07:14:54', '2018-04-11 07:14:54'),
	(55, 5436845556975794, '2018-04-01 20:14:48', NULL, NULL, 82.03, NULL, NULL, NULL, '438854......3981', NULL, 'VISA', NULL, 'Approval', '03451D', 'Swipe', 10001, NULL, NULL, NULL, NULL, NULL, NULL, NULL, '2018-04-11 07:14:54', '2018-04-11 07:14:54'),
	(56, 5436845556975794, '2018-04-01 20:00:37', NULL, NULL, 58.27, NULL, NULL, NULL, '379550......7022', NULL, 'AM', NULL, 'Approval', '110708', 'Swiped', 10001, NULL, NULL, NULL, NULL, NULL, NULL, NULL, '2018-04-11 07:14:54', '2018-04-11 07:14:54'),
	(57, 5436845556975794, '2018-04-01 19:39:51', NULL, NULL, 10.26, NULL, NULL, NULL, '434769......8311', NULL, 'VISA', NULL, 'Approval', '003921', 'Swipe', 10001, NULL, NULL, NULL, NULL, NULL, NULL, NULL, '2018-04-11 07:14:55', '2018-04-11 07:14:55'),
	(58, 5436845556975794, '2018-04-01 19:26:22', NULL, NULL, 19.42, NULL, NULL, NULL, '440066......5214', NULL, 'VISA', NULL, 'Approval', '03735D', 'Swipe', 10001, NULL, NULL, NULL, NULL, NULL, NULL, NULL, '2018-04-11 07:14:55', '2018-04-11 07:14:55'),
	(59, 5436845556975794, '2018-04-01 19:22:15', NULL, NULL, 17.42, NULL, NULL, NULL, '401154......4930', NULL, 'VISA', NULL, 'Approval', '000636', 'Swipe', 10001, NULL, NULL, NULL, NULL, NULL, NULL, NULL, '2018-04-11 07:14:55', '2018-04-11 07:14:55'),
	(60, 5436845556975794, '2018-04-01 18:46:36', NULL, NULL, 69.59, NULL, NULL, NULL, '414740......3063', NULL, 'VISA', NULL, 'Approval', '09100D', 'Swipe', 10001, NULL, NULL, NULL, NULL, NULL, NULL, NULL, '2018-04-11 07:14:55', '2018-04-11 07:14:55'),
	(61, 5436845556975794, '2018-04-01 18:45:57', NULL, NULL, 114.39, NULL, NULL, NULL, '476559......7927', NULL, 'VISA', NULL, 'Approval', '606395', 'Swipe', 10001, NULL, NULL, NULL, NULL, NULL, NULL, NULL, '2018-04-11 07:14:55', '2018-04-11 07:14:55'),
	(62, 5436845556975794, '2018-04-01 18:12:09', NULL, NULL, 141.42, NULL, NULL, NULL, '371543......1003', NULL, 'AM', NULL, 'Approval', '589414', 'Swiped', 10001, NULL, NULL, NULL, NULL, NULL, NULL, NULL, '2018-04-11 07:14:55', '2018-04-11 07:14:55'),
	(63, 5436845556975794, '2018-04-01 17:44:35', NULL, NULL, 41.02, NULL, NULL, NULL, '421718......1323', NULL, 'VISA', NULL, 'Approval', '688053', 'Swipe', 10001, NULL, NULL, NULL, NULL, NULL, NULL, NULL, '2018-04-11 07:14:55', '2018-04-11 07:14:55'),
	(64, 5436845556975794, '2018-04-01 17:35:10', NULL, NULL, 14.03, NULL, NULL, NULL, '463576......6331', NULL, 'VISA', NULL, 'Approval', '153657', 'Swipe', 10001, NULL, NULL, NULL, NULL, NULL, NULL, NULL, '2018-04-11 07:14:55', '2018-04-11 07:14:55'),
	(65, 5436845556975794, '2018-04-01 17:22:56', NULL, NULL, 58.28, NULL, NULL, NULL, '414740......7051', NULL, 'VISA', NULL, 'Approval', '07688D', 'Swipe', 10001, NULL, NULL, NULL, NULL, NULL, NULL, NULL, '2018-04-11 07:14:55', '2018-04-11 07:14:55'),
	(66, 5436845556975794, '2018-04-01 17:13:53', NULL, NULL, 55.03, NULL, NULL, NULL, '421718......0568', NULL, 'VISA', NULL, 'Approval', '603794', 'Swipe', 10001, NULL, NULL, NULL, NULL, NULL, NULL, NULL, '2018-04-11 07:14:55', '2018-04-11 07:14:55'),
	(67, 5436845556975794, '2018-04-01 16:52:08', NULL, NULL, 9.12, NULL, NULL, NULL, '476559......2017', NULL, 'VISA', NULL, 'Approval', '603604', 'Swipe', 10001, NULL, NULL, NULL, NULL, NULL, NULL, NULL, '2018-04-11 07:14:56', '2018-04-11 07:14:56'),
	(68, 5436845556975794, '2018-04-01 16:22:09', NULL, NULL, 50.74, NULL, NULL, NULL, '474476......6200', NULL, 'VISA', NULL, 'Approval', '112225', 'Swipe', 10001, NULL, NULL, NULL, NULL, NULL, NULL, NULL, '2018-04-11 07:14:56', '2018-04-11 07:14:56'),
	(69, 5436845556975794, '2018-04-01 16:09:18', NULL, NULL, 43.19, NULL, NULL, NULL, '524363......9467', NULL, 'MC', NULL, 'Approval', '00142B', 'Magnetic Stripe w/Track Data', 10001, NULL, NULL, NULL, NULL, NULL, NULL, NULL, '2018-04-11 07:14:56', '2018-04-11 07:14:56'),
	(70, 5436845556975794, '2018-04-01 16:00:00', NULL, NULL, 129.53, NULL, NULL, NULL, '414730......6792', NULL, 'VISA', NULL, 'Approval', '001134', 'Swipe', 10001, NULL, NULL, NULL, NULL, NULL, NULL, NULL, '2018-04-11 07:14:56', '2018-04-11 07:14:56'),
	(71, 5436845556975794, '2018-04-01 15:33:23', NULL, NULL, 162.44, NULL, NULL, NULL, '449435......7411', NULL, 'VISA', NULL, 'Approval', '845714', 'Swipe', 10001, NULL, NULL, NULL, NULL, NULL, NULL, NULL, '2018-04-11 07:14:56', '2018-04-11 07:14:56'),
	(72, 5436845556975794, '2018-04-01 15:33:10', NULL, NULL, 162.44, NULL, NULL, NULL, '449435......2343', NULL, 'VISA', NULL, 'Approval', '845675', 'Swipe', 10001, NULL, NULL, NULL, NULL, NULL, NULL, NULL, '2018-04-11 07:14:56', '2018-04-11 07:14:56'),
	(73, 5436845556975794, '2018-04-01 15:05:18', NULL, NULL, 111.19, NULL, NULL, NULL, '514021......3435', NULL, 'MC', NULL, 'Approval', '05548P', 'Magnetic Stripe w/Track Data', 10001, NULL, NULL, NULL, NULL, NULL, NULL, NULL, '2018-04-11 07:14:56', '2018-04-11 07:14:56'),
	(74, 5436845556975794, '2018-04-01 15:02:34', NULL, NULL, 44.06, NULL, NULL, NULL, '405374......5029', NULL, 'VISA', NULL, 'Approval', '001175', 'Swipe', 10001, NULL, NULL, NULL, NULL, NULL, NULL, NULL, '2018-04-11 07:14:56', '2018-04-11 07:14:56'),
	(75, 5436845556975794, '2018-04-01 14:59:07', NULL, NULL, 81.85, NULL, NULL, NULL, '473702......8693', NULL, 'VISA', NULL, 'Approval', '023045', 'Swipe', 10001, NULL, NULL, NULL, NULL, NULL, NULL, NULL, '2018-04-11 07:14:56', '2018-04-11 07:14:56'),
	(76, 5436845556975794, '2018-04-01 14:53:51', NULL, NULL, 1.00, NULL, NULL, NULL, '514021......2439', NULL, 'MC', NULL, 'Approval', '00533P', 'Magnetic Stripe w/Track Data', 10001, NULL, NULL, NULL, NULL, NULL, NULL, NULL, '2018-04-11 07:14:56', '2018-04-11 07:14:56'),
	(77, 5436845556975794, '2018-04-01 14:53:09', NULL, NULL, 90.72, NULL, NULL, NULL, '520094......3794', NULL, 'MC', NULL, 'Approval', '09274B', 'Magnetic Stripe w/Track Data', 10001, NULL, NULL, NULL, NULL, NULL, NULL, NULL, '2018-04-11 07:14:57', '2018-04-11 07:14:57'),
	(78, 5436845556975794, '2018-04-01 14:46:02', NULL, NULL, 93.34, NULL, NULL, NULL, '531260......4357', NULL, 'MC', NULL, 'Approval', '124062', 'Magnetic Stripe w/Track Data', 10001, NULL, NULL, NULL, NULL, NULL, NULL, NULL, '2018-04-11 07:14:57', '2018-04-11 07:14:57'),
	(79, 5436845556975794, '2018-04-01 14:21:11', NULL, NULL, 68.00, NULL, NULL, NULL, '400344......2256', NULL, 'VISA', NULL, 'Approval', '03354C', 'Swipe', 10001, NULL, NULL, NULL, NULL, NULL, NULL, NULL, '2018-04-11 07:14:57', '2018-04-11 07:14:57'),
	(80, 5436845556975794, '2018-04-01 14:13:18', NULL, NULL, 334.34, NULL, NULL, NULL, '414720......3329', NULL, 'VISA', NULL, 'Approval', '09548C', 'Swipe', 10001, NULL, NULL, NULL, NULL, NULL, NULL, NULL, '2018-04-11 07:14:57', '2018-04-11 07:14:57'),
	(81, 5436845556975794, '2018-04-01 14:08:33', NULL, NULL, 84.23, NULL, NULL, NULL, '473702......0209', NULL, 'VISA', NULL, 'Approval', '078010', 'Swipe', 10001, NULL, NULL, NULL, NULL, NULL, NULL, NULL, '2018-04-11 07:14:57', '2018-04-11 07:14:57'),
	(82, 5436845556975794, '2018-04-01 14:07:59', NULL, NULL, 46.62, NULL, NULL, NULL, '371539......8000', NULL, 'AM', NULL, 'Approval', '501242', 'Swiped', 10001, NULL, NULL, NULL, NULL, NULL, NULL, NULL, '2018-04-11 07:14:57', '2018-04-11 07:14:57'),
	(83, 5436845556975794, '2018-04-01 13:55:38', NULL, NULL, 198.32, NULL, NULL, NULL, '414720......2152', NULL, 'VISA', NULL, 'Approval', '06141D', 'Swipe', 10001, NULL, NULL, NULL, NULL, NULL, NULL, NULL, '2018-04-11 07:14:57', '2018-04-11 07:14:57'),
	(84, 5436845556975794, '2018-04-01 13:48:30', NULL, NULL, 51.28, NULL, NULL, NULL, '483312......0195', NULL, 'VISA', NULL, 'Approval', '094815', 'Swipe', 10001, NULL, NULL, NULL, NULL, NULL, NULL, NULL, '2018-04-11 07:14:57', '2018-04-11 07:14:57'),
	(85, 5436845556975794, '2018-04-01 13:11:31', NULL, NULL, 44.26, NULL, NULL, NULL, '473702......3346', NULL, 'VISA', NULL, 'Approval', '077958', 'Swipe', 10001, NULL, NULL, NULL, NULL, NULL, NULL, NULL, '2018-04-11 07:14:57', '2018-04-11 07:14:57'),
	(86, 5436845556975794, '2018-04-01 12:54:41', NULL, NULL, 66.24, NULL, NULL, NULL, '474476......9818', NULL, 'VISA', NULL, 'Approval', '155044', 'Swipe', 10001, NULL, NULL, NULL, NULL, NULL, NULL, NULL, '2018-04-11 07:14:57', '2018-04-11 07:14:57'),
	(87, 5436845556975794, '2018-04-01 12:53:07', NULL, NULL, 200.86, NULL, NULL, NULL, '410039......3453', NULL, 'VISA', NULL, 'Approval', '58934D', 'Swipe', 10001, NULL, NULL, NULL, NULL, NULL, NULL, NULL, '2018-04-11 07:14:57', '2018-04-11 07:14:57'),
	(88, 5436845556975794, '2018-04-01 12:47:35', NULL, NULL, 132.77, NULL, NULL, NULL, '414720......3173', NULL, 'VISA', NULL, 'Approval', '02063C', 'Swipe', 10001, NULL, NULL, NULL, NULL, NULL, NULL, NULL, '2018-04-11 07:14:58', '2018-04-11 07:14:58'),
	(89, 5436845556975794, '2018-04-01 11:19:21', NULL, NULL, 26.99, NULL, NULL, NULL, '440066......9825', NULL, 'VISA', NULL, 'Approval', '05787D', 'Swipe', 10001, NULL, NULL, NULL, NULL, NULL, NULL, NULL, '2018-04-11 07:14:58', '2018-04-11 07:14:58'),
	(90, 5436845556975794, '2018-04-01 10:47:43', NULL, NULL, 43.19, NULL, NULL, NULL, '552433......2604', NULL, 'MC', NULL, 'Approval', '00732S', 'Magnetic Stripe w/Track Data', 10001, NULL, NULL, NULL, NULL, NULL, NULL, NULL, '2018-04-11 07:14:58', '2018-04-11 07:14:58'),
	(91, 5436845556975794, '2018-04-01 10:43:15', NULL, NULL, 112.72, NULL, NULL, NULL, '546616......6752', NULL, 'MC', NULL, 'Approval', '57317P', 'Magnetic Stripe w/Track Data', 10001, NULL, NULL, NULL, NULL, NULL, NULL, NULL, '2018-04-11 07:14:58', '2018-04-11 07:14:58'),
	(92, 5436845556974250, '2018-04-05 07:47:51', NULL, NULL, 3.00, NULL, NULL, NULL, '473702......7217', NULL, 'VISA', NULL, 'Approval', '094301', 'Swipe', 10007, NULL, NULL, NULL, NULL, NULL, NULL, NULL, '2018-04-11 07:14:58', '2018-04-11 07:14:58'),
	(93, 5436845556974250, '2018-04-05 07:37:23', NULL, NULL, 24.01, NULL, NULL, NULL, '473702......5383', NULL, 'VISA', NULL, 'Approval', '042535', 'Chip Read', 10008, NULL, NULL, NULL, NULL, NULL, NULL, NULL, '2018-04-11 07:14:58', '2018-04-11 07:14:58'),
	(94, 5436845556974250, '2018-04-05 07:32:29', NULL, NULL, 17.27, NULL, NULL, NULL, '474476......6148', NULL, 'VISA', NULL, 'Approval', '123227', 'Chip Read', 10008, NULL, NULL, NULL, NULL, NULL, NULL, NULL, '2018-04-11 07:14:58', '2018-04-11 07:14:58'),
	(95, 5436845556974250, '2018-04-05 07:11:23', NULL, NULL, 5.35, NULL, NULL, NULL, '474165......1497', NULL, 'VISA', NULL, 'Approval', '026756', 'Chip Read', 10008, NULL, NULL, NULL, NULL, NULL, NULL, NULL, '2018-04-11 07:14:58', '2018-04-11 07:14:58'),
	(96, 5436845556974250, '2018-04-05 07:04:30', NULL, NULL, 17.85, NULL, NULL, NULL, '434769......4261', NULL, 'VISA', NULL, 'Approval', '090409', 'Swipe', 10007, NULL, NULL, NULL, NULL, NULL, NULL, NULL, '2018-04-11 07:14:58', '2018-04-11 07:14:58'),
	(97, 5436845556974250, '2018-04-05 07:02:20', NULL, NULL, 3.50, NULL, NULL, NULL, '414740......3813', NULL, 'VISA', NULL, 'Approval', '06607D', 'Chip Read', 10008, NULL, NULL, NULL, NULL, NULL, NULL, NULL, '2018-04-11 07:14:58', '2018-04-11 07:14:58'),
	(98, 5436845556974250, '2018-04-05 06:51:13', NULL, NULL, 9.05, NULL, NULL, NULL, '483312......3140', NULL, 'VISA', NULL, 'Approval', '035108', 'Chip Read', 10008, NULL, NULL, NULL, NULL, NULL, NULL, NULL, '2018-04-11 07:14:59', '2018-04-11 07:14:59'),
	(99, 5436845556974250, '2018-04-05 06:23:22', NULL, NULL, 5.00, NULL, NULL, NULL, '442644......8541', NULL, 'VISA', NULL, 'Approval', '005173', 'Chip Read', 10008, NULL, NULL, NULL, NULL, NULL, NULL, NULL, '2018-04-11 07:14:59', '2018-04-11 07:14:59'),
	(100, 5436845556974250, '2018-04-05 06:08:29', NULL, NULL, 11.33, NULL, NULL, NULL, '517805......6360', NULL, 'MC', NULL, 'Approval', '04893Z', 'Chip Read', 10008, NULL, NULL, NULL, NULL, NULL, NULL, NULL, '2018-04-11 07:14:59', '2018-04-11 07:14:59'),
	(101, 5436845556974250, '2018-04-05 06:03:36', NULL, NULL, 14.38, NULL, NULL, NULL, '440066......3281', NULL, 'VISA', NULL, 'Approval', '06705B', 'Chip Read', 10008, NULL, NULL, NULL, NULL, NULL, NULL, NULL, '2018-04-11 07:14:59', '2018-04-11 07:14:59'),
	(102, 5436845556974250, '2018-04-05 05:56:53', NULL, NULL, 10.69, NULL, NULL, NULL, '435142......7276', NULL, 'VISA', NULL, 'Approval', '071132', 'Chip Read', 10008, NULL, NULL, NULL, NULL, NULL, NULL, NULL, '2018-04-11 07:14:59', '2018-04-11 07:14:59'),
	(103, 5436845556974250, '2018-04-04 21:45:26', NULL, NULL, 3.96, NULL, NULL, NULL, '473622......4317', NULL, 'VISA', NULL, 'Approval', '064523', 'Chip Read', 10008, NULL, NULL, NULL, NULL, NULL, NULL, NULL, '2018-04-11 07:14:59', '2018-04-11 07:14:59'),
	(104, 5436845556974250, '2018-04-04 21:32:51', NULL, NULL, 20.00, NULL, NULL, NULL, '531260......2003', NULL, 'MC', NULL, 'Approval', '193824', 'Chip Read', 10008, NULL, NULL, NULL, NULL, NULL, NULL, NULL, '2018-04-11 07:14:59', '2018-04-11 07:14:59'),
	(105, 5436845556974250, '2018-04-04 21:29:05', NULL, NULL, 19.80, NULL, NULL, NULL, '517805......8635', NULL, 'MC', NULL, 'Approval', '07173B', 'Chip Read', 10008, NULL, NULL, NULL, NULL, NULL, NULL, NULL, '2018-04-11 07:14:59', '2018-04-11 07:14:59'),
	(106, 5436845556974250, '2018-04-04 20:37:14', NULL, NULL, 7.92, NULL, NULL, NULL, '534860......2490', NULL, 'MC', NULL, 'Approval', '123573', 'Chip Read', 10008, NULL, NULL, NULL, NULL, NULL, NULL, NULL, '2018-04-11 07:14:59', '2018-04-11 07:14:59'),
	(107, 5436845556974250, '2018-04-04 20:34:59', NULL, NULL, 11.88, NULL, NULL, NULL, '473622......4317', NULL, 'VISA', NULL, 'Approval', '093422', 'Chip Read', 10008, NULL, NULL, NULL, NULL, NULL, NULL, NULL, '2018-04-11 07:14:59', '2018-04-11 07:14:59'),
	(108, 5436845556974250, '2018-04-04 20:23:49', NULL, NULL, 44.71, NULL, NULL, NULL, '473702......0220', NULL, 'VISA', NULL, 'Approval', '049342', 'Chip Read', 10008, NULL, NULL, NULL, NULL, NULL, NULL, NULL, '2018-04-11 07:15:00', '2018-04-11 07:15:00'),
	(109, 5436845556974250, '2018-04-04 20:01:28', NULL, NULL, 27.71, NULL, NULL, NULL, '473702......0220', NULL, 'VISA', NULL, 'Approval', '044753', 'Chip Read', 10008, NULL, NULL, NULL, NULL, NULL, NULL, NULL, '2018-04-11 07:15:00', '2018-04-11 07:15:00'),
	(110, 5436845556974250, '2018-04-04 19:15:55', NULL, NULL, 7.92, NULL, NULL, NULL, '531260......8126', NULL, 'MC', NULL, 'Approval', '161659', 'Chip Read', 10008, NULL, NULL, NULL, NULL, NULL, NULL, NULL, '2018-04-11 07:15:00', '2018-04-11 07:15:00'),
	(111, 5436845556974250, '2018-04-04 18:34:40', NULL, NULL, 6.25, NULL, NULL, NULL, '473702......6128', NULL, 'VISA', NULL, 'Approval', '088788', 'Chip Read', 10008, NULL, NULL, NULL, NULL, NULL, NULL, NULL, '2018-04-11 07:15:00', '2018-04-11 07:15:00'),
	(112, 5436845556974250, '2018-04-04 17:59:15', NULL, NULL, 24.34, NULL, NULL, NULL, '473702......0220', NULL, 'VISA', NULL, 'Approval', '072592', 'Chip Read', 10008, NULL, NULL, NULL, NULL, NULL, NULL, NULL, '2018-04-11 07:15:00', '2018-04-11 07:15:00'),
	(113, 5436845556974250, '2018-04-04 16:30:57', NULL, NULL, 4.23, NULL, NULL, NULL, '543963......2658', NULL, 'MC', NULL, 'Approval', '306338', 'Chip Read', 10008, NULL, NULL, NULL, NULL, NULL, NULL, NULL, '2018-04-11 07:15:00', '2018-04-11 07:15:00'),
	(114, 5436845556974250, '2018-04-04 16:28:07', NULL, NULL, 9.68, NULL, NULL, NULL, '483312......3777', NULL, 'VISA', NULL, 'Approval', '062818', 'Chip Read', 10008, NULL, NULL, NULL, NULL, NULL, NULL, NULL, '2018-04-11 07:15:00', '2018-04-11 07:15:00'),
	(115, 5436845556974250, '2018-04-04 15:08:49', NULL, NULL, 7.92, NULL, NULL, NULL, '542418......1464', NULL, 'MC', NULL, 'Approval', '35227P', 'Chip Read', 10008, NULL, NULL, NULL, NULL, NULL, NULL, NULL, '2018-04-11 07:15:00', '2018-04-11 07:15:00'),
	(116, 5436845556974250, '2018-04-04 14:14:41', NULL, NULL, 13.68, NULL, NULL, NULL, '448233......6449', NULL, 'VISA', NULL, 'Approval', '051449', 'Chip Read', 10008, NULL, NULL, NULL, NULL, NULL, NULL, NULL, '2018-04-11 07:15:00', '2018-04-11 07:15:00'),
	(117, 5436845556974250, '2018-04-04 14:11:20', NULL, NULL, 36.88, NULL, NULL, NULL, '473702......0749', NULL, 'VISA', NULL, 'Approval', '040269', 'Chip Read', 10008, NULL, NULL, NULL, NULL, NULL, NULL, NULL, '2018-04-11 07:15:00', '2018-04-11 07:15:00'),
	(118, 5436845556974250, '2018-04-04 12:49:18', NULL, NULL, 13.75, NULL, NULL, NULL, '546540......4723', NULL, 'MC', NULL, 'Approval', '009725', 'Magnetic Stripe w/Track Data', 10007, NULL, NULL, NULL, NULL, NULL, NULL, NULL, '2018-04-11 07:15:00', '2018-04-11 07:15:00'),
	(119, 5436845556974250, '2018-04-04 12:36:17', NULL, NULL, 27.82, NULL, NULL, NULL, '440066......1925', NULL, 'VISA', NULL, 'Approval', '05342B', 'Chip Read', 10008, NULL, NULL, NULL, NULL, NULL, NULL, NULL, '2018-04-11 07:15:01', '2018-04-11 07:15:01'),
	(120, 5436845556974250, '2018-04-04 12:18:26', NULL, NULL, 11.62, NULL, NULL, NULL, '483312......5109', NULL, 'VISA', NULL, 'Approval', '061814', 'Swipe', 10007, NULL, NULL, NULL, NULL, NULL, NULL, NULL, '2018-04-11 07:15:01', '2018-04-11 07:15:01'),
	(121, 5436845556974250, '2018-04-04 12:13:45', NULL, NULL, 19.68, NULL, NULL, NULL, '526227......6216', NULL, 'MC', NULL, 'Approval', '331122', 'Chip Read', 10008, NULL, NULL, NULL, NULL, NULL, NULL, NULL, '2018-04-11 07:15:01', '2018-04-11 07:15:01'),
	(122, 5436845556974250, '2018-04-04 11:45:58', NULL, NULL, 60.14, NULL, NULL, NULL, '372727......3012', NULL, 'AM', NULL, 'Approval', '805198', 'Chip - CVV Reliable', 10008, NULL, NULL, NULL, NULL, NULL, NULL, NULL, '2018-04-11 07:15:01', '2018-04-11 07:15:01'),
	(123, 5436845556974250, '2018-04-04 11:33:06', NULL, NULL, 17.38, NULL, NULL, NULL, '526227......4794', NULL, 'MC', NULL, 'Approval', '471139', 'Chip Read', 10008, NULL, NULL, NULL, NULL, NULL, NULL, NULL, '2018-04-11 07:15:01', '2018-04-11 07:15:01'),
	(124, 5436845556974250, '2018-04-04 11:26:40', NULL, NULL, 5.89, NULL, NULL, NULL, '483312......0063', NULL, 'VISA', NULL, 'Approval', '002613', 'Chip Read', 10008, NULL, NULL, NULL, NULL, NULL, NULL, NULL, '2018-04-11 07:15:01', '2018-04-11 07:15:01'),
	(125, 5436845556974250, '2018-04-04 11:17:41', NULL, NULL, 14.65, NULL, NULL, NULL, '473702......6777', NULL, 'VISA', NULL, 'Approval', '085484', 'Chip Read', 10008, NULL, NULL, NULL, NULL, NULL, NULL, NULL, '2018-04-11 07:15:01', '2018-04-11 07:15:01'),
	(126, 5436845556974250, '2018-04-04 10:58:41', NULL, NULL, 18.53, NULL, NULL, NULL, '434769......0103', NULL, 'VISA', NULL, 'Approval', '005812', 'Swipe', 10007, NULL, NULL, NULL, NULL, NULL, NULL, NULL, '2018-04-11 07:15:01', '2018-04-11 07:15:01'),
	(127, 5436845556974250, '2018-04-04 10:52:22', NULL, NULL, 14.44, NULL, NULL, NULL, '547415......0360', NULL, 'MC', NULL, 'Approval', '04231G', 'Chip Read', 10008, NULL, NULL, NULL, NULL, NULL, NULL, NULL, '2018-04-11 07:15:01', '2018-04-11 07:15:01'),
	(128, 5436845556974250, '2018-04-04 10:50:23', NULL, NULL, 11.44, NULL, NULL, NULL, '485340......0822', NULL, 'VISA', NULL, 'Approval', '095023', 'Swipe', 10008, NULL, NULL, NULL, NULL, NULL, NULL, NULL, '2018-04-11 07:15:01', '2018-04-11 07:15:01'),
	(129, 5436845556974250, '2018-04-04 10:49:15', NULL, NULL, 9.51, NULL, NULL, NULL, '442644......9274', NULL, 'VISA', NULL, 'Approval', '004825', 'Chip Read', 10008, NULL, NULL, NULL, NULL, NULL, NULL, NULL, '2018-04-11 07:15:02', '2018-04-11 07:15:02'),
	(130, 5436845556974250, '2018-04-04 10:48:08', NULL, NULL, 13.76, NULL, NULL, NULL, '441104......1890', NULL, 'VISA', NULL, 'Approval', '084812', 'Swipe', 10007, NULL, NULL, NULL, NULL, NULL, NULL, NULL, '2018-04-11 07:15:02', '2018-04-11 07:15:02'),
	(131, 5436845556974250, '2018-04-04 10:33:19', NULL, NULL, 17.49, NULL, NULL, NULL, '483312......2101', NULL, 'VISA', NULL, 'Approval', '093312', 'Chip Read', 10008, NULL, NULL, NULL, NULL, NULL, NULL, NULL, '2018-04-11 07:15:02', '2018-04-11 07:15:02'),
	(132, 5436845556974250, '2018-04-04 10:32:12', NULL, NULL, 11.75, NULL, NULL, NULL, '473702......1141', NULL, 'VISA', NULL, 'Approval', '014819', 'Chip Read', 10008, NULL, NULL, NULL, NULL, NULL, NULL, NULL, '2018-04-11 07:15:02', '2018-04-11 07:15:02'),
	(133, 5436845556974250, '2018-04-04 10:31:48', NULL, NULL, 19.38, NULL, NULL, NULL, '546540......8401', NULL, 'MC', NULL, 'Approval', '001990', 'Magnetic Stripe w/Track Data', 10007, NULL, NULL, NULL, NULL, NULL, NULL, NULL, '2018-04-11 07:15:02', '2018-04-11 07:15:02'),
	(134, 5436845556974250, '2018-04-04 10:06:29', NULL, NULL, 11.76, NULL, NULL, NULL, '531260......2915', NULL, 'MC', NULL, 'Approval', '160269', 'Chip Read', 10008, NULL, NULL, NULL, NULL, NULL, NULL, NULL, '2018-04-11 07:15:02', '2018-04-11 07:15:02'),
	(135, 5436845556974250, '2018-04-04 10:05:53', NULL, NULL, 27.54, NULL, NULL, NULL, '474165......2762', NULL, 'VISA', NULL, 'Approval', '013625', 'Chip Read', 10008, NULL, NULL, NULL, NULL, NULL, NULL, NULL, '2018-04-11 07:15:02', '2018-04-11 07:15:02'),
	(136, 5436845556974250, '2018-04-04 09:47:01', NULL, NULL, 6.96, NULL, NULL, NULL, '473702......6932', NULL, 'VISA', NULL, 'Approval', '094337', 'Chip Read', 10008, NULL, NULL, NULL, NULL, NULL, NULL, NULL, '2018-04-11 07:15:02', '2018-04-11 07:15:02'),
	(137, 5436845556974250, '2018-04-04 09:10:40', NULL, NULL, 6.95, NULL, NULL, NULL, '461608......3804', NULL, 'VISA', NULL, 'Approval', '04066B', 'Chip Read', 10008, NULL, NULL, NULL, NULL, NULL, NULL, NULL, '2018-04-11 07:15:02', '2018-04-11 07:15:02'),
	(138, 5436845556974250, '2018-04-04 08:45:52', NULL, NULL, 7.40, NULL, NULL, NULL, '474476......5711', NULL, 'VISA', NULL, 'Approval', '184053', 'Chip Read', 10008, NULL, NULL, NULL, NULL, NULL, NULL, NULL, '2018-04-11 07:15:02', '2018-04-11 07:15:02'),
	(139, 5436845556974250, '2018-04-04 08:37:50', NULL, NULL, 9.36, NULL, NULL, NULL, '483312......2814', NULL, 'VISA', NULL, 'Approval', '003710', 'Chip Read', 10008, NULL, NULL, NULL, NULL, NULL, NULL, NULL, '2018-04-11 07:15:03', '2018-04-11 07:15:03'),
	(140, 5436845556974250, '2018-04-04 08:34:43', NULL, NULL, 3.50, NULL, NULL, NULL, '374327......8303', NULL, 'AM', NULL, 'Approval', '355825', 'Swiped', 10008, NULL, NULL, NULL, NULL, NULL, NULL, NULL, '2018-04-11 07:15:03', '2018-04-11 07:15:03'),
	(141, 5436845556974250, '2018-04-04 08:11:27', NULL, NULL, 7.24, NULL, NULL, NULL, '424631......2190', NULL, 'VISA', NULL, 'Approval', '03816G', 'Chip Read', 10008, NULL, NULL, NULL, NULL, NULL, NULL, NULL, '2018-04-11 07:15:03', '2018-04-11 07:15:03'),
	(142, 5436845556974250, '2018-04-04 08:03:12', NULL, NULL, 3.70, NULL, NULL, NULL, '483312......0063', NULL, 'VISA', NULL, 'Approval', '020310', 'Chip Read', 10008, NULL, NULL, NULL, NULL, NULL, NULL, NULL, '2018-04-11 07:15:03', '2018-04-11 07:15:03'),
	(143, 5436845556974250, '2018-04-04 07:47:58', NULL, NULL, 20.43, NULL, NULL, NULL, '517805......8790', NULL, 'MC', NULL, 'Approval', '02760Z', 'Chip Read', 10008, NULL, NULL, NULL, NULL, NULL, NULL, NULL, '2018-04-11 07:15:03', '2018-04-11 07:15:03'),
	(144, 5436845556974250, '2018-04-04 07:47:36', NULL, NULL, 3.70, NULL, NULL, NULL, '483312......8535', NULL, 'VISA', NULL, 'Approval', '064709', 'Chip Read', 10008, NULL, NULL, NULL, NULL, NULL, NULL, NULL, '2018-04-11 07:15:03', '2018-04-11 07:15:03'),
	(145, 5436845556974250, '2018-04-04 07:47:12', NULL, NULL, 1.65, NULL, NULL, NULL, '473702......2780', NULL, 'VISA', NULL, 'Approval', '071004', 'Chip Read', 10008, NULL, NULL, NULL, NULL, NULL, NULL, NULL, '2018-04-11 07:15:03', '2018-04-11 07:15:03'),
	(146, 5436845556974250, '2018-04-04 07:30:18', NULL, NULL, 13.24, NULL, NULL, NULL, '474476......8881', NULL, 'VISA', NULL, 'Approval', '143608', 'Swipe', 10007, NULL, NULL, NULL, NULL, NULL, NULL, NULL, '2018-04-11 07:15:03', '2018-04-11 07:15:03'),
	(147, 5436845556974250, '2018-04-04 07:13:26', NULL, NULL, 15.46, NULL, NULL, NULL, '440066......3281', NULL, 'VISA', NULL, 'Approval', '03859B', 'Chip Read', 10008, NULL, NULL, NULL, NULL, NULL, NULL, NULL, '2018-04-11 07:15:03', '2018-04-11 07:15:03'),
	(148, 5436845556974250, '2018-04-04 07:06:10', NULL, NULL, 8.83, NULL, NULL, NULL, '490097......1371', NULL, 'VISA', NULL, 'Approval', '090610', 'Chip Read', 10008, NULL, NULL, NULL, NULL, NULL, NULL, NULL, '2018-04-11 07:15:03', '2018-04-11 07:15:03'),
	(149, 5436845556974250, '2018-04-04 07:03:32', NULL, NULL, 3.15, NULL, NULL, NULL, '474476......6148', NULL, 'VISA', NULL, 'Approval', '140338', 'Chip Read', 10008, NULL, NULL, NULL, NULL, NULL, NULL, NULL, '2018-04-11 07:15:04', '2018-04-11 07:15:04'),
	(150, 5436845556974250, '2018-04-04 07:01:38', NULL, NULL, 3.50, NULL, NULL, NULL, '414740......3813', NULL, 'VISA', NULL, 'Approval', '04160D', 'Chip Read', 10008, NULL, NULL, NULL, NULL, NULL, NULL, NULL, '2018-04-11 07:15:04', '2018-04-11 07:15:04'),
	(151, 5436845556974250, '2018-04-04 06:50:55', NULL, NULL, 8.25, NULL, NULL, NULL, '434769......5916', NULL, 'VISA', NULL, 'Approval', '045008', 'Chip Read', 10008, NULL, NULL, NULL, NULL, NULL, NULL, NULL, '2018-04-11 07:15:04', '2018-04-11 07:15:04'),
	(152, 5436845556974250, '2018-04-04 06:49:49', NULL, NULL, 16.05, NULL, NULL, NULL, '442732......7694', NULL, 'VISA', NULL, 'Approval', '094908', 'Chip Read', 10008, NULL, NULL, NULL, NULL, NULL, NULL, NULL, '2018-04-11 07:15:04', '2018-04-11 07:15:04'),
	(153, 5436845556974250, '2018-04-04 06:48:11', NULL, NULL, 9.68, NULL, NULL, NULL, '424631......3475', NULL, 'VISA', NULL, 'Approval', '04345G', 'Chip Read', 10008, NULL, NULL, NULL, NULL, NULL, NULL, NULL, '2018-04-11 07:15:04', '2018-04-11 07:15:04'),
	(154, 5436845556974250, '2018-04-04 06:46:22', NULL, NULL, 6.69, NULL, NULL, NULL, '483312......7311', NULL, 'VISA', NULL, 'Approval', '014608', 'Chip Read', 10008, NULL, NULL, NULL, NULL, NULL, NULL, NULL, '2018-04-11 07:15:04', '2018-04-11 07:15:04'),
	(155, 5436845556974250, '2018-04-04 06:24:37', NULL, NULL, 5.55, NULL, NULL, NULL, '531260......1217', NULL, 'MC', NULL, 'Approval', '152247', 'Chip Read', 10008, NULL, NULL, NULL, NULL, NULL, NULL, NULL, '2018-04-11 07:15:04', '2018-04-11 07:15:04'),
	(156, 5436845556974250, '2018-04-04 06:18:42', NULL, NULL, 7.40, NULL, NULL, NULL, '442644......8541', NULL, 'VISA', NULL, 'Approval', '004474', 'Chip Read', 10008, NULL, NULL, NULL, NULL, NULL, NULL, NULL, '2018-04-11 07:15:04', '2018-04-11 07:15:04'),
	(157, 5436845556974250, '2018-04-04 06:09:41', NULL, NULL, 5.55, NULL, NULL, NULL, '473702......4237', NULL, 'VISA', NULL, 'Approval', '056453', 'Chip Read', 10008, NULL, NULL, NULL, NULL, NULL, NULL, NULL, '2018-04-11 07:15:04', '2018-04-11 07:15:04'),
	(158, 5436845556974250, '2018-04-04 06:02:36', NULL, NULL, 9.68, NULL, NULL, NULL, '511415......6490', NULL, 'MC', NULL, 'Approval', '223430', 'Chip Read', 10008, NULL, NULL, NULL, NULL, NULL, NULL, NULL, '2018-04-11 07:15:04', '2018-04-11 07:15:04'),
	(159, 5436845556974250, '2018-04-04 05:47:58', NULL, NULL, 6.69, NULL, NULL, NULL, '517805......7393', NULL, 'MC', NULL, 'Approval', '02739Z', 'Chip Read', 10008, NULL, NULL, NULL, NULL, NULL, NULL, NULL, '2018-04-11 07:15:04', '2018-04-11 07:15:04'),
	(160, 5436845556974250, '2018-04-04 05:32:51', NULL, NULL, 6.69, NULL, NULL, NULL, '424631......0718', NULL, 'VISA', NULL, 'Approval', '07555G', 'Chip Read', 10008, NULL, NULL, NULL, NULL, NULL, NULL, NULL, '2018-04-11 07:15:05', '2018-04-11 07:15:05'),
	(161, 5436845556974250, '2018-04-03 20:26:37', NULL, NULL, 15.84, NULL, NULL, NULL, '473702......0823', NULL, 'VISA', NULL, 'Approval', '014662', 'Chip Read', 10008, NULL, NULL, NULL, NULL, NULL, NULL, NULL, '2018-04-11 07:15:05', '2018-04-11 07:15:05'),
	(162, 5436845556974250, '2018-04-03 20:00:00', NULL, NULL, 11.88, NULL, NULL, NULL, '515597......6557', NULL, 'MC', NULL, 'Approval', '00023Z', 'Chip Read', 10008, NULL, NULL, NULL, NULL, NULL, NULL, NULL, '2018-04-11 07:15:05', '2018-04-11 07:15:05'),
	(163, 5436845556974250, '2018-04-03 19:08:04', NULL, NULL, 41.67, NULL, NULL, NULL, '441104......3417', NULL, 'VISA', NULL, 'Approval', '040821', 'Chip Read', 10008, NULL, NULL, NULL, NULL, NULL, NULL, NULL, '2018-04-11 07:15:05', '2018-04-11 07:15:05'),
	(164, 5436845556974250, '2018-04-03 18:32:00', NULL, NULL, 6.25, NULL, NULL, NULL, '473702......6128', NULL, 'VISA', NULL, 'Approval', '028446', 'Chip Read', 10008, NULL, NULL, NULL, NULL, NULL, NULL, NULL, '2018-04-11 07:15:05', '2018-04-11 07:15:05'),
	(165, 5436845556974250, '2018-04-03 16:43:34', NULL, NULL, 3.32, NULL, NULL, NULL, '483312......7464', NULL, 'VISA', NULL, 'Approval', '044318', 'Chip Read', 10008, NULL, NULL, NULL, NULL, NULL, NULL, NULL, '2018-04-11 07:15:05', '2018-04-11 07:15:05'),
	(166, 5436845556974250, '2018-04-03 16:30:29', NULL, NULL, 6.69, NULL, NULL, NULL, '473702......0921', NULL, 'VISA', NULL, 'Approval', '065037', 'Chip Read', 10008, NULL, NULL, NULL, NULL, NULL, NULL, NULL, '2018-04-11 07:15:05', '2018-04-11 07:15:05'),
	(167, 5436845556974250, '2018-04-03 16:03:55', NULL, NULL, 1.65, NULL, NULL, NULL, '473702......5299', NULL, 'VISA', NULL, 'Approval', '023056', 'Chip Read', 10008, NULL, NULL, NULL, NULL, NULL, NULL, NULL, '2018-04-11 07:15:05', '2018-04-11 07:15:05'),
	(168, 5436845556974250, '2018-04-03 14:46:18', NULL, NULL, 9.29, NULL, NULL, NULL, '379613......3003', NULL, 'AM', NULL, 'Approval', '849808', 'Chip - CVV Reliable', 10008, NULL, NULL, NULL, NULL, NULL, NULL, NULL, '2018-04-11 07:15:05', '2018-04-11 07:15:05'),
	(169, 5436845556974250, '2018-04-03 14:10:09', NULL, NULL, 1.65, NULL, NULL, NULL, '440066......4645', NULL, 'VISA', NULL, 'Approval', '03273B', 'Chip Read', 10008, NULL, NULL, NULL, NULL, NULL, NULL, NULL, '2018-04-11 07:15:05', '2018-04-11 07:15:05'),
	(170, 5436845556974250, '2018-04-03 13:35:35', NULL, NULL, 9.68, NULL, NULL, NULL, '483312......4153', NULL, 'VISA', NULL, 'Approval', '043515', 'Chip Read', 10008, NULL, NULL, NULL, NULL, NULL, NULL, NULL, '2018-04-11 07:15:06', '2018-04-11 07:15:06'),
	(171, 5436845556974250, '2018-04-03 13:24:48', NULL, NULL, 9.51, NULL, NULL, NULL, '473702......3379', NULL, 'VISA', NULL, 'Approval', '095883', 'Chip Read', 10008, NULL, NULL, NULL, NULL, NULL, NULL, NULL, '2018-04-11 07:15:06', '2018-04-11 07:15:06'),
	(172, 5436845556974250, '2018-04-03 12:15:49', NULL, NULL, 27.56, NULL, NULL, NULL, '546616......5735', NULL, 'MC', NULL, 'Approval', '82703Y', 'Chip Read', 10008, NULL, NULL, NULL, NULL, NULL, NULL, NULL, '2018-04-11 07:15:06', '2018-04-11 07:15:06'),
	(173, 5436845556974250, '2018-04-03 12:14:15', NULL, NULL, 23.56, NULL, NULL, NULL, '473702......4211', NULL, 'VISA', NULL, 'Approval', '054255', 'Swipe', 10008, NULL, NULL, NULL, NULL, NULL, NULL, NULL, '2018-04-11 07:15:06', '2018-04-11 07:15:06'),
	(174, 5436845556974250, '2018-04-03 12:02:43', NULL, NULL, 11.24, NULL, NULL, NULL, '483312......0740', NULL, 'VISA', NULL, 'Approval', '020214', 'Chip Read', 10008, NULL, NULL, NULL, NULL, NULL, NULL, NULL, '2018-04-11 07:15:06', '2018-04-11 07:15:06'),
	(175, 5436845556974250, '2018-04-03 11:26:53', NULL, NULL, 6.68, NULL, NULL, NULL, '449435......6432', NULL, 'VISA', NULL, 'Approval', '244462', 'Chip Read', 10008, NULL, NULL, NULL, NULL, NULL, NULL, NULL, '2018-04-11 07:15:06', '2018-04-11 07:15:06'),
	(176, 5436845556974250, '2018-04-03 11:26:27', NULL, NULL, 5.62, NULL, NULL, NULL, '474476......0855', NULL, 'VISA', NULL, 'Approval', '112965', 'Chip Read', 10008, NULL, NULL, NULL, NULL, NULL, NULL, NULL, '2018-04-11 07:15:06', '2018-04-11 07:15:06'),
	(177, 5436845556974250, '2018-04-03 11:14:39', NULL, NULL, 4.83, NULL, NULL, NULL, '483312......0063', NULL, 'VISA', NULL, 'Approval', '091413', 'Chip Read', 10008, NULL, NULL, NULL, NULL, NULL, NULL, NULL, '2018-04-11 07:15:06', '2018-04-11 07:15:06'),
	(178, 5436845556974250, '2018-04-03 11:13:30', NULL, NULL, 9.68, NULL, NULL, NULL, '511415......6490', NULL, 'MC', NULL, 'Approval', '835690', 'Chip Read', 10008, NULL, NULL, NULL, NULL, NULL, NULL, NULL, '2018-04-11 07:15:06', '2018-04-11 07:15:06'),
	(179, 5436845556974250, '2018-04-03 11:07:48', NULL, NULL, 1.65, NULL, NULL, NULL, '403160......2821', NULL, 'VISA', NULL, 'Approval', '030748', 'Chip Read', 10008, NULL, NULL, NULL, NULL, NULL, NULL, NULL, '2018-04-11 07:15:06', '2018-04-11 07:15:06'),
	(180, 5436845556974250, '2018-04-03 11:02:41', NULL, NULL, 42.11, NULL, NULL, NULL, '473702......1902', NULL, 'VISA', NULL, 'Approval', '074708', 'Swipe', 10007, NULL, NULL, NULL, NULL, NULL, NULL, NULL, '2018-04-11 07:15:07', '2018-04-11 07:15:07'),
	(181, 5436845556974250, '2018-04-03 10:58:16', NULL, NULL, 21.67, NULL, NULL, NULL, '435545......9774', NULL, 'VISA', NULL, 'Approval', '092029', 'Chip Read', 10008, NULL, NULL, NULL, NULL, NULL, NULL, NULL, '2018-04-11 07:15:07', '2018-04-11 07:15:07'),
	(182, 5436845556974250, '2018-04-03 10:56:58', NULL, NULL, 19.24, NULL, NULL, NULL, '473702......6586', NULL, 'VISA', NULL, 'Approval', '062255', 'Chip Read', 10008, NULL, NULL, NULL, NULL, NULL, NULL, NULL, '2018-04-11 07:15:07', '2018-04-11 07:15:07'),
	(183, 5436845556974250, '2018-04-03 10:52:21', NULL, NULL, 3.70, NULL, NULL, NULL, '531260......1217', NULL, 'MC', NULL, 'Approval', '155324', 'Chip Read', 10008, NULL, NULL, NULL, NULL, NULL, NULL, NULL, '2018-04-11 07:15:07', '2018-04-11 07:15:07'),
	(184, 5436845556974250, '2018-04-03 10:48:03', NULL, NULL, 8.83, NULL, NULL, NULL, '474476......6148', NULL, 'VISA', NULL, 'Approval', '124889', 'Chip Read', 10008, NULL, NULL, NULL, NULL, NULL, NULL, NULL, '2018-04-11 07:15:07', '2018-04-11 07:15:07'),
	(185, 5436845556974250, '2018-04-03 10:37:05', NULL, NULL, 12.00, NULL, NULL, NULL, '546616......4391', NULL, 'MC', NULL, 'Approval', '04152P', 'Magnetic Stripe w/Track Data', 10007, NULL, NULL, NULL, NULL, NULL, NULL, NULL, '2018-04-11 07:15:07', '2018-04-11 07:15:07'),
	(186, 5436845556974250, '2018-04-03 10:34:58', NULL, NULL, 16.17, NULL, NULL, NULL, '441104......1890', NULL, 'VISA', NULL, 'Approval', '073412', 'Swipe', 10007, NULL, NULL, NULL, NULL, NULL, NULL, NULL, '2018-04-11 07:15:07', '2018-04-11 07:15:07'),
	(187, 5436845556974250, '2018-04-03 10:30:49', NULL, NULL, 13.18, NULL, NULL, NULL, '546540......8401', NULL, 'MC', NULL, 'Approval', '007311', 'Magnetic Stripe w/Track Data', 10007, NULL, NULL, NULL, NULL, NULL, NULL, NULL, '2018-04-11 07:15:07', '2018-04-11 07:15:07'),
	(188, 5436845556974250, '2018-04-03 10:28:21', NULL, NULL, 29.73, NULL, NULL, NULL, '483312......7509', NULL, 'VISA', NULL, 'Approval', '012812', 'Chip Read', 10008, NULL, NULL, NULL, NULL, NULL, NULL, NULL, '2018-04-11 07:15:07', '2018-04-11 07:15:07'),
	(189, 5436845556974250, '2018-04-03 10:23:56', NULL, NULL, 13.41, NULL, NULL, NULL, '534860......0514', NULL, 'MC', NULL, 'Approval', '172839', 'Chip Read', 10008, NULL, NULL, NULL, NULL, NULL, NULL, NULL, '2018-04-11 07:15:07', '2018-04-11 07:15:07'),
	(190, 5436845556974250, '2018-04-03 10:21:40', NULL, NULL, 36.90, NULL, NULL, NULL, '463576......7989', NULL, 'VISA', NULL, 'Approval', '162711', 'Chip Read', 10008, NULL, NULL, NULL, NULL, NULL, NULL, NULL, '2018-04-11 07:15:08', '2018-04-11 07:15:08'),
	(191, 5436845556974250, '2018-04-03 10:15:14', NULL, NULL, 9.68, NULL, NULL, NULL, '442644......9274', NULL, 'VISA', NULL, 'Approval', '003692', 'Chip Read', 10008, NULL, NULL, NULL, NULL, NULL, NULL, NULL, '2018-04-11 07:15:08', '2018-04-11 07:15:08'),
	(192, 5436845556974250, '2018-04-03 10:09:42', NULL, NULL, 21.40, NULL, NULL, NULL, '410040......6690', NULL, 'VISA', NULL, 'Approval', '26029G', 'Swipe', 10007, NULL, NULL, NULL, NULL, NULL, NULL, NULL, '2018-04-11 07:15:08', '2018-04-11 07:15:08'),
	(193, 5436845556974250, '2018-04-03 10:04:24', NULL, NULL, 8.96, NULL, NULL, NULL, '435545......0302', NULL, 'VISA', NULL, 'Approval', '071029', 'Swipe', 10007, NULL, NULL, NULL, NULL, NULL, NULL, NULL, '2018-04-11 07:15:08', '2018-04-11 07:15:08'),
	(194, 5436845556974250, '2018-04-03 09:34:51', NULL, NULL, 12.02, NULL, NULL, NULL, '483312......1616', NULL, 'VISA', NULL, 'Approval', '013411', 'Chip Read', 10008, NULL, NULL, NULL, NULL, NULL, NULL, NULL, '2018-04-11 07:15:08', '2018-04-11 07:15:08'),
	(195, 5436845556974250, '2018-04-03 09:29:31', NULL, NULL, 15.91, NULL, NULL, NULL, '473702......5956', NULL, 'VISA', NULL, 'Approval', '033455', 'Swipe', 10007, NULL, NULL, NULL, NULL, NULL, NULL, NULL, '2018-04-11 07:15:08', '2018-04-11 07:15:08'),
	(196, 5436845556974250, '2018-04-03 09:20:50', NULL, NULL, 24.39, NULL, NULL, NULL, '473702......0812', NULL, 'VISA', NULL, 'Approval', '055577', 'Chip Read', 10008, NULL, NULL, NULL, NULL, NULL, NULL, NULL, '2018-04-11 07:15:08', '2018-04-11 07:15:08'),
	(197, 5436845556974250, '2018-04-03 09:16:56', NULL, NULL, 8.81, NULL, NULL, NULL, '474476......3772', NULL, 'VISA', NULL, 'Approval', '171867', 'Chip Read', 10008, NULL, NULL, NULL, NULL, NULL, NULL, NULL, '2018-04-11 07:15:08', '2018-04-11 07:15:08'),
	(198, 5436845556974250, '2018-04-03 09:00:25', NULL, NULL, 30.08, NULL, NULL, NULL, '424631......4204', NULL, 'VISA', NULL, 'Approval', '00750G', 'Swipe', 10007, NULL, NULL, NULL, NULL, NULL, NULL, NULL, '2018-04-11 07:15:08', '2018-04-11 07:15:08'),
	(199, 5436845556974250, '2018-04-03 08:41:55', NULL, NULL, 1.65, NULL, NULL, NULL, '531260......4820', NULL, 'MC', NULL, 'Approval', '154512', 'Chip Read', 10008, NULL, NULL, NULL, NULL, NULL, NULL, NULL, '2018-04-11 07:15:08', '2018-04-11 07:15:08'),
	(200, 5436845556974250, '2018-04-03 08:00:12', NULL, NULL, 3.50, NULL, NULL, NULL, '448836......8912', NULL, 'VISA', NULL, 'Approval', '603552', 'Chip Read', 10008, NULL, NULL, NULL, NULL, NULL, NULL, NULL, '2018-04-11 07:15:08', '2018-04-11 07:15:08'),
	(201, 5436845556974250, '2018-04-03 07:57:46', NULL, NULL, 3.70, NULL, NULL, NULL, '483312......0063', NULL, 'VISA', NULL, 'Approval', '055709', 'Chip Read', 10008, NULL, NULL, NULL, NULL, NULL, NULL, NULL, '2018-04-11 07:15:09', '2018-04-11 07:15:09'),
	(202, 5436845556974250, '2018-04-03 07:41:12', NULL, NULL, 8.69, NULL, NULL, NULL, '434769......8797', NULL, 'VISA', NULL, 'Approval', '014109', 'Swipe', 10007, NULL, NULL, NULL, NULL, NULL, NULL, NULL, '2018-04-11 07:15:09', '2018-04-11 07:15:09'),
	(203, 5436845556974250, '2018-04-03 07:10:47', NULL, NULL, 5.60, NULL, NULL, NULL, '474476......8881', NULL, 'VISA', NULL, 'Approval', '151907', 'Swipe', 10007, NULL, NULL, NULL, NULL, NULL, NULL, NULL, '2018-04-11 07:15:09', '2018-04-11 07:15:09'),
	(204, 5436845556974250, '2018-04-03 07:10:27', NULL, NULL, 5.60, NULL, NULL, NULL, '483312......6426', NULL, 'VISA', NULL, 'Approval', '071009', 'Swipe', 10007, NULL, NULL, NULL, NULL, NULL, NULL, NULL, '2018-04-11 07:15:09', '2018-04-11 07:15:09'),
	(205, 5436845556974250, '2018-04-03 06:59:16', NULL, NULL, 6.69, NULL, NULL, NULL, '414740......3813', NULL, 'VISA', NULL, 'Approval', '07489D', 'Chip Read', 10008, NULL, NULL, NULL, NULL, NULL, NULL, NULL, '2018-04-11 07:15:09', '2018-04-11 07:15:09'),
	(206, 5436845556974250, '2018-04-03 06:51:31', NULL, NULL, 7.20, NULL, NULL, NULL, '483312......9544', NULL, 'VISA', NULL, 'Approval', '015108', 'Chip Read', 10008, NULL, NULL, NULL, NULL, NULL, NULL, NULL, '2018-04-11 07:15:09', '2018-04-11 07:15:09'),
	(207, 5436845556974250, '2018-04-03 06:45:26', NULL, NULL, 6.69, NULL, NULL, NULL, '546616......5013', NULL, 'MC', NULL, 'Approval', '53335P', 'Chip Read', 10008, NULL, NULL, NULL, NULL, NULL, NULL, NULL, '2018-04-11 07:15:09', '2018-04-11 07:15:09'),
	(208, 5436845556974250, '2018-04-03 06:35:36', NULL, NULL, 13.00, NULL, NULL, NULL, '474476......6148', NULL, 'VISA', NULL, 'Approval', '173354', 'Chip Read', 10008, NULL, NULL, NULL, NULL, NULL, NULL, NULL, '2018-04-11 07:15:09', '2018-04-11 07:15:09'),
	(209, 5436845556974250, '2018-04-03 06:04:05', NULL, NULL, 6.69, NULL, NULL, NULL, '473702......4674', NULL, 'VISA', NULL, 'Approval', '043510', 'Chip Read', 10008, NULL, NULL, NULL, NULL, NULL, NULL, NULL, '2018-04-11 07:15:09', '2018-04-11 07:15:09'),
	(210, 5436845556974250, '2018-04-03 06:02:13', NULL, NULL, 3.70, NULL, NULL, NULL, '434769......5916', NULL, 'VISA', NULL, 'Approval', '030208', 'Chip Read', 10008, NULL, NULL, NULL, NULL, NULL, NULL, NULL, '2018-04-11 07:15:09', '2018-04-11 07:15:09'),
	(211, 5436845556974250, '2018-04-03 05:48:29', NULL, NULL, 12.31, NULL, NULL, NULL, '483312......0914', NULL, 'VISA', NULL, 'Approval', '084807', 'Chip Read', 10008, NULL, NULL, NULL, NULL, NULL, NULL, NULL, '2018-04-11 07:15:10', '2018-04-11 07:15:10'),
	(212, 5436845556974250, '2018-04-02 19:22:29', NULL, NULL, 19.80, NULL, NULL, NULL, '473702......3767', NULL, 'VISA', NULL, 'Approval', '072473', 'Chip Read', 10008, NULL, NULL, NULL, NULL, NULL, NULL, NULL, '2018-04-11 07:15:10', '2018-04-11 07:15:10'),
	(213, 5436845556974250, '2018-04-02 19:21:12', NULL, NULL, 19.80, NULL, NULL, NULL, '444796......6447', NULL, 'VISA', NULL, 'Not Sufficient Funds', '', 'Chip Read', 10008, NULL, NULL, NULL, NULL, NULL, NULL, NULL, '2018-04-11 07:15:10', '2018-04-11 07:15:10'),
	(214, 5436845556974250, '2018-04-02 19:12:25', NULL, NULL, 47.71, NULL, NULL, NULL, '473702......1458', NULL, 'VISA', NULL, 'Approval', '028237', 'Chip Read', 10008, NULL, NULL, NULL, NULL, NULL, NULL, NULL, '2018-04-11 07:15:10', '2018-04-11 07:15:10'),
	(215, 5436845556974250, '2018-04-02 18:49:44', NULL, NULL, 28.13, NULL, NULL, NULL, '420767......7099', NULL, 'VISA', NULL, 'Approval', '034920', 'Chip Read', 10008, NULL, NULL, NULL, NULL, NULL, NULL, NULL, '2018-04-11 07:15:10', '2018-04-11 07:15:10'),
	(216, 5436845556974250, '2018-04-02 18:47:16', NULL, NULL, 24.42, NULL, NULL, NULL, '473702......6128', NULL, 'VISA', NULL, 'Approval', '075307', 'Chip Read', 10008, NULL, NULL, NULL, NULL, NULL, NULL, NULL, '2018-04-11 07:15:10', '2018-04-11 07:15:10'),
	(217, 5436845556974250, '2018-04-02 16:15:46', NULL, NULL, 15.84, NULL, NULL, NULL, '376750......1447', NULL, 'AM', NULL, 'Approval', '802164', 'Chip - CVV Reliable', 10008, NULL, NULL, NULL, NULL, NULL, NULL, NULL, '2018-04-11 07:15:10', '2018-04-11 07:15:10'),
	(218, 5436845556974250, '2018-04-02 14:55:45', NULL, NULL, 8.03, NULL, NULL, NULL, '473702......0220', NULL, 'VISA', NULL, 'Approval', '068320', 'Chip Read', 10008, NULL, NULL, NULL, NULL, NULL, NULL, NULL, '2018-04-11 07:15:10', '2018-04-11 07:15:10'),
	(219, 5436845556974250, '2018-04-02 13:54:45', NULL, NULL, 12.09, NULL, NULL, NULL, '534860......0514', NULL, 'MC', NULL, 'Approval', '155743', 'Chip Read', 10008, NULL, NULL, NULL, NULL, NULL, NULL, NULL, '2018-04-11 07:15:10', '2018-04-11 07:15:10'),
	(220, 5436845556974250, '2018-04-02 13:27:47', NULL, NULL, 10.97, NULL, NULL, NULL, '434769......7305', NULL, 'VISA', NULL, 'Approval', '072715', 'Chip Read', 10008, NULL, NULL, NULL, NULL, NULL, NULL, NULL, '2018-04-11 07:15:10', '2018-04-11 07:15:10'),
	(221, 5436845556974250, '2018-04-02 13:17:27', NULL, NULL, 10.69, NULL, NULL, NULL, '424631......0718', NULL, 'VISA', NULL, 'Approval', '01826G', 'Chip Read', 10008, NULL, NULL, NULL, NULL, NULL, NULL, NULL, '2018-04-11 07:15:11', '2018-04-11 07:15:11'),
	(222, 5436845556974250, '2018-04-02 13:01:01', NULL, NULL, 12.74, NULL, NULL, NULL, '440066......3281', NULL, 'VISA', NULL, 'Approval', '04719B', 'Chip Read', 10008, NULL, NULL, NULL, NULL, NULL, NULL, NULL, '2018-04-11 07:15:11', '2018-04-11 07:15:11'),
	(223, 5436845556974250, '2018-04-02 11:59:13', NULL, NULL, 4.23, NULL, NULL, NULL, '474165......9080', NULL, 'VISA', NULL, 'Approval', '001189', 'Chip Read', 10008, NULL, NULL, NULL, NULL, NULL, NULL, NULL, '2018-04-11 07:15:11', '2018-04-11 07:15:11'),
	(224, 5436845556974250, '2018-04-02 11:48:09', NULL, NULL, 8.03, NULL, NULL, NULL, '448233......6449', NULL, 'VISA', NULL, 'Approval', '024816', 'Chip Read', 10008, NULL, NULL, NULL, NULL, NULL, NULL, NULL, '2018-04-11 07:15:11', '2018-04-11 07:15:11'),
	(225, 5436845556974250, '2018-04-02 11:45:06', NULL, NULL, 8.87, NULL, NULL, NULL, '410039......9260', NULL, 'VISA', NULL, 'Approval', '83763D', 'Chip Read', 10008, NULL, NULL, NULL, NULL, NULL, NULL, NULL, '2018-04-11 07:15:11', '2018-04-11 07:15:11'),
	(226, 5436845556974250, '2018-04-02 11:39:27', NULL, NULL, 12.65, NULL, NULL, NULL, '474476......6946', NULL, 'VISA', NULL, 'Approval', '123593', 'Swipe', 10007, NULL, NULL, NULL, NULL, NULL, NULL, NULL, '2018-04-11 07:15:11', '2018-04-11 07:15:11'),
	(227, 5436845556974250, '2018-04-02 11:27:10', NULL, NULL, 7.22, NULL, NULL, NULL, '483312......2468', NULL, 'VISA', NULL, 'Approval', '092713', 'Chip Read', 10008, NULL, NULL, NULL, NULL, NULL, NULL, NULL, '2018-04-11 07:15:11', '2018-04-11 07:15:11'),
	(228, 5436845556974250, '2018-04-02 11:16:35', NULL, NULL, 10.54, NULL, NULL, NULL, '517805......9426', NULL, 'MC', NULL, 'Approval', '09070B', 'Chip Read', 10008, NULL, NULL, NULL, NULL, NULL, NULL, NULL, '2018-04-11 07:15:11', '2018-04-11 07:15:11'),
	(229, 5436845556974250, '2018-04-02 11:11:33', NULL, NULL, 20.43, NULL, NULL, NULL, '408540......4057', NULL, 'VISA', NULL, 'Approval', '021140', 'Swipe', 10007, NULL, NULL, NULL, NULL, NULL, NULL, NULL, '2018-04-11 07:15:11', '2018-04-11 07:15:11'),
	(230, 5436845556974250, '2018-04-02 11:10:44', NULL, NULL, 16.21, NULL, NULL, NULL, '424631......4527', NULL, 'VISA', NULL, 'Approval', '01326G', 'Chip Read', 10008, NULL, NULL, NULL, NULL, NULL, NULL, NULL, '2018-04-11 07:15:11', '2018-04-11 07:15:11'),
	(231, 5436845556974250, '2018-04-02 11:01:53', NULL, NULL, 13.72, NULL, NULL, NULL, '483312......3140', NULL, 'VISA', NULL, 'Approval', '020113', 'Swipe', 10007, NULL, NULL, NULL, NULL, NULL, NULL, NULL, '2018-04-11 07:15:11', '2018-04-11 07:15:11'),
	(232, 5436845556974250, '2018-04-02 10:58:43', NULL, NULL, 39.24, NULL, NULL, NULL, '372727......3012', NULL, 'AM', NULL, 'Approval', '838525', 'Chip - CVV Reliable', 10008, NULL, NULL, NULL, NULL, NULL, NULL, NULL, '2018-04-11 07:15:12', '2018-04-11 07:15:12'),
	(233, 5436845556974250, '2018-04-02 10:58:12', NULL, NULL, 22.67, NULL, NULL, NULL, '426690......3498', NULL, 'VISA', NULL, 'Approval', '04353D', 'Swipe', 10007, NULL, NULL, NULL, NULL, NULL, NULL, NULL, '2018-04-11 07:15:12', '2018-04-11 07:15:12'),
	(234, 5436845556974250, '2018-04-02 10:52:57', NULL, NULL, 10.95, NULL, NULL, NULL, '483312......3777', NULL, 'VISA', NULL, 'Approval', '065212', 'Chip Read', 10008, NULL, NULL, NULL, NULL, NULL, NULL, NULL, '2018-04-11 07:15:12', '2018-04-11 07:15:12'),
	(235, 5436845556974250, '2018-04-02 10:44:37', NULL, NULL, 44.59, NULL, NULL, NULL, '400022......1014', NULL, 'VISA', NULL, 'Approval', '508725', 'Swipe', 10007, NULL, NULL, NULL, NULL, NULL, NULL, NULL, '2018-04-11 07:15:12', '2018-04-11 07:15:12'),
	(236, 5436845556974250, '2018-04-02 10:32:53', NULL, NULL, 16.16, NULL, NULL, NULL, '483312......2101', NULL, 'VISA', NULL, 'Approval', '033212', 'Chip Read', 10008, NULL, NULL, NULL, NULL, NULL, NULL, NULL, '2018-04-11 07:15:12', '2018-04-11 07:15:12'),
	(237, 5436845556974250, '2018-04-02 10:23:33', NULL, NULL, 30.21, NULL, NULL, NULL, '474165......2762', NULL, 'VISA', NULL, 'Approval', '073360', 'Chip Read', 10008, NULL, NULL, NULL, NULL, NULL, NULL, NULL, '2018-04-11 07:15:12', '2018-04-11 07:15:12'),
	(238, 5436845556974250, '2018-04-02 10:17:59', NULL, NULL, 12.52, NULL, NULL, NULL, '552433......2396', NULL, 'MC', NULL, 'Approval', '04809Z', 'Chip Read', 10008, NULL, NULL, NULL, NULL, NULL, NULL, NULL, '2018-04-11 07:15:12', '2018-04-11 07:15:12'),
	(239, 5436845556974250, '2018-04-02 10:04:28', NULL, NULL, 13.24, NULL, NULL, NULL, '473702......5946', NULL, 'VISA', NULL, 'Approval', '097624', 'Swipe', 10007, NULL, NULL, NULL, NULL, NULL, NULL, NULL, '2018-04-11 07:15:12', '2018-04-11 07:15:12'),
	(240, 5436845556974250, '2018-04-02 09:55:30', NULL, NULL, 7.65, NULL, NULL, NULL, '463576......3775', NULL, 'VISA', NULL, 'Approval', '145456', 'Manual Key Entry', 10008, NULL, NULL, NULL, NULL, NULL, NULL, NULL, '2018-04-11 07:15:12', '2018-04-11 07:15:12'),
	(241, 5436845556974250, '2018-04-02 09:51:12', NULL, NULL, 38.92, NULL, NULL, NULL, '371555......4005', NULL, 'AM', NULL, 'Approval', '544108', 'Swiped', 10007, NULL, NULL, NULL, NULL, NULL, NULL, NULL, '2018-04-11 07:15:12', '2018-04-11 07:15:12'),
	(242, 5436845556974250, '2018-04-02 09:38:44', NULL, NULL, 53.46, NULL, NULL, NULL, '463576......3775', NULL, 'VISA', NULL, 'Approval', '123185', 'Manual Key Entry', 10008, NULL, NULL, NULL, NULL, NULL, NULL, NULL, '2018-04-11 07:15:13', '2018-04-11 07:15:13'),
	(243, 5436845556974250, '2018-04-02 09:01:00', NULL, NULL, 19.32, NULL, NULL, NULL, '409970......0195', NULL, 'VISA', NULL, 'Approval', '01793C', 'Chip Read', 10008, NULL, NULL, NULL, NULL, NULL, NULL, NULL, '2018-04-11 07:15:13', '2018-04-11 07:15:13'),
	(244, 5436845556974250, '2018-04-02 08:59:05', NULL, NULL, 15.10, NULL, NULL, NULL, '531260......5639', NULL, 'MC', NULL, 'Approval', '195197', 'Magnetic Stripe w/Track Data', 10007, NULL, NULL, NULL, NULL, NULL, NULL, NULL, '2018-04-11 07:15:13', '2018-04-11 07:15:13'),
	(245, 5436845556974250, '2018-04-02 08:23:11', NULL, NULL, 7.70, NULL, NULL, NULL, '474476......6148', NULL, 'VISA', NULL, 'Approval', '102531', 'Chip Read', 10008, NULL, NULL, NULL, NULL, NULL, NULL, NULL, '2018-04-11 07:15:13', '2018-04-11 07:15:13'),
	(246, 5436845556974250, '2018-04-02 08:18:53', NULL, NULL, 3.70, NULL, NULL, NULL, '483312......7464', NULL, 'VISA', NULL, 'Approval', '031810', 'Chip Read', 10008, NULL, NULL, NULL, NULL, NULL, NULL, NULL, '2018-04-11 07:15:13', '2018-04-11 07:15:13'),
	(247, 5436845556974250, '2018-04-02 07:30:09', NULL, NULL, 4.70, NULL, NULL, NULL, '430655......5774', NULL, 'VISA', NULL, 'Approval', '093008', 'Swipe', 10008, NULL, NULL, NULL, NULL, NULL, NULL, NULL, '2018-04-11 07:15:13', '2018-04-11 07:15:13'),
	(248, 5436845556974250, '2018-04-02 07:29:35', NULL, NULL, 2.85, NULL, NULL, NULL, '517805......7393', NULL, 'MC', NULL, 'Approval', '08058Z', 'Chip Read', 10008, NULL, NULL, NULL, NULL, NULL, NULL, NULL, '2018-04-11 07:15:13', '2018-04-11 07:15:13'),
	(249, 5436845556974250, '2018-04-02 07:29:18', NULL, NULL, 6.82, NULL, NULL, NULL, '510805......5691', NULL, 'MC', NULL, 'Approval', '082926', 'Magnetic Stripe w/Track Data', 10007, NULL, NULL, NULL, NULL, NULL, NULL, NULL, '2018-04-11 07:15:13', '2018-04-11 07:15:13'),
	(250, 5436845556974250, '2018-04-02 07:22:10', NULL, NULL, 11.41, NULL, NULL, NULL, '426684......5923', NULL, 'VISA', NULL, 'Approval', '06320B', 'Swipe', 10007, NULL, NULL, NULL, NULL, NULL, NULL, NULL, '2018-04-11 07:15:13', '2018-04-11 07:15:13'),
	(251, 5436845556974250, '2018-04-02 07:04:37', NULL, NULL, 3.70, NULL, NULL, NULL, '435643......6683', NULL, 'VISA', NULL, 'Approval', '190843', 'Chip Read', 10008, NULL, NULL, NULL, NULL, NULL, NULL, NULL, '2018-04-11 07:15:13', '2018-04-11 07:15:13'),
	(252, 5436845556974250, '2018-04-02 06:58:25', NULL, NULL, 6.69, NULL, NULL, NULL, '414740......3813', NULL, 'VISA', NULL, 'Approval', '04770D', 'Chip Read', 10008, NULL, NULL, NULL, NULL, NULL, NULL, NULL, '2018-04-11 07:15:14', '2018-04-11 07:15:14'),
	(253, 5436845556974250, '2018-04-02 06:37:37', NULL, NULL, 9.68, NULL, NULL, NULL, '424631......3475', NULL, 'VISA', NULL, 'Approval', '02122G', 'Chip Read', 10008, NULL, NULL, NULL, NULL, NULL, NULL, NULL, '2018-04-11 07:15:14', '2018-04-11 07:15:14'),
	(254, 5436845556974250, '2018-04-02 06:26:28', NULL, NULL, 1.65, NULL, NULL, NULL, '531260......4820', NULL, 'MC', NULL, 'Approval', '142366', 'Chip Read', 10008, NULL, NULL, NULL, NULL, NULL, NULL, NULL, '2018-04-11 07:15:14', '2018-04-11 07:15:14'),
	(255, 5436845556974250, '2018-04-02 05:39:22', NULL, NULL, 1.65, NULL, NULL, NULL, '473702......4237', NULL, 'VISA', NULL, 'Approval', '033403', 'Chip Read', 10008, NULL, NULL, NULL, NULL, NULL, NULL, NULL, '2018-04-11 07:15:14', '2018-04-11 07:15:14'),
	(256, 5436845556974250, '2018-04-02 05:23:26', NULL, NULL, 6.69, NULL, NULL, NULL, '424631......0718', NULL, 'VISA', NULL, 'Approval', '09795G', 'Chip Read', 10008, NULL, NULL, NULL, NULL, NULL, NULL, NULL, '2018-04-11 07:15:14', '2018-04-11 07:15:14');
/*!40000 ALTER TABLE `merchant_autorizations` ENABLE KEYS */;

-- Дамп структуры для таблица webforms.merchant_batches_and_transactions
CREATE TABLE IF NOT EXISTS `merchant_batches_and_transactions` (
  `id` int(10) unsigned NOT NULL AUTO_INCREMENT,
  `MerchantId` bigint(20) unsigned NOT NULL,
  `Network` varchar(191) COLLATE utf8mb4_unicode_ci DEFAULT NULL,
  `BatchDate` date DEFAULT NULL,
  `NetDeposit` decimal(10,2) DEFAULT NULL,
  `TotalTickets` smallint(5) unsigned DEFAULT NULL,
  `NumberOfDebits` smallint(5) unsigned DEFAULT NULL,
  `AmountofDebits` decimal(10,2) DEFAULT NULL,
  `NumberOfCredits` smallint(5) unsigned DEFAULT NULL,
  `AmountofCredits` decimal(10,2) DEFAULT NULL,
  `HoldAmount` decimal(10,2) DEFAULT NULL,
  `WithHoldAmount` decimal(10,2) DEFAULT NULL,
  `TerminalId` int(10) unsigned DEFAULT NULL,
  `DepositAmount` decimal(10,2) DEFAULT NULL,
  `ACHDate` date DEFAULT NULL,
  `created_at` timestamp NULL DEFAULT NULL,
  `updated_at` timestamp NULL DEFAULT NULL,
  PRIMARY KEY (`id`),
  UNIQUE KEY `unique` (`MerchantId`,`Network`,`BatchDate`),
  KEY `merchant_batches_and_transactions_merchantid_index` (`MerchantId`)
) ENGINE=InnoDB AUTO_INCREMENT=15 DEFAULT CHARSET=utf8mb4 COLLATE=utf8mb4_unicode_ci;

-- Дамп данных таблицы webforms.merchant_batches_and_transactions: ~14 rows (приблизительно)
/*!40000 ALTER TABLE `merchant_batches_and_transactions` DISABLE KEYS */;
INSERT INTO `merchant_batches_and_transactions` (`id`, `MerchantId`, `Network`, `BatchDate`, `NetDeposit`, `TotalTickets`, `NumberOfDebits`, `AmountofDebits`, `NumberOfCredits`, `AmountofCredits`, `HoldAmount`, `WithHoldAmount`, `TerminalId`, `DepositAmount`, `ACHDate`, `created_at`, `updated_at`) VALUES
	(1, 5436845557429932, NULL, '2018-04-04', NULL, 1, NULL, 80.25, NULL, NULL, NULL, NULL, 74061943, 80.25, '2018-04-05', '2018-04-11 10:04:33', '2018-04-11 10:04:33'),
	(2, 5436845557429932, NULL, '2018-04-03', NULL, 1, NULL, 107.00, NULL, NULL, NULL, NULL, 74061943, 107.00, '2018-04-04', '2018-04-11 10:04:34', '2018-04-11 10:04:34'),
	(3, 5436845557429932, NULL, '2018-04-02', NULL, 6, NULL, 931.40, NULL, NULL, NULL, NULL, 74061943, 931.40, '2018-04-03', '2018-04-11 10:04:34', '2018-04-11 10:04:34'),
	(4, 5436845556975794, NULL, '2018-04-03', NULL, 16, NULL, 683.56, NULL, NULL, NULL, NULL, 72897616, 683.56, '2018-04-05', '2018-04-11 10:04:35', '2018-04-11 10:04:35'),
	(5, 5436845556975794, NULL, '2018-04-02', NULL, 11, NULL, 715.74, NULL, NULL, NULL, NULL, 72897616, 715.74, '2018-04-04', '2018-04-11 10:04:35', '2018-04-11 10:04:35'),
	(6, 5436845556975794, NULL, '2018-04-01', NULL, 38, NULL, 4.00, NULL, NULL, NULL, NULL, 72897616, 4.00, '2018-04-03', '2018-04-11 10:04:37', '2018-04-11 10:04:37'),
	(7, 5436845556974250, NULL, '2018-04-04', NULL, 37, NULL, 499.69, NULL, NULL, NULL, NULL, 74151448, 499.69, '2018-04-05', '2018-04-11 10:04:37', '2018-04-11 10:04:37'),
	(8, 5436845556974250, NULL, '2018-04-04', NULL, 6, NULL, 102.28, NULL, NULL, NULL, NULL, 74151445, 102.28, '2018-04-05', '2018-04-11 10:04:37', '2018-04-11 10:04:37'),
	(9, 5436845556974250, NULL, '2018-04-03', NULL, 29, NULL, 389.52, NULL, NULL, NULL, NULL, 74151448, 389.52, '2018-04-04', '2018-04-11 10:04:37', '2018-04-11 10:04:37'),
	(10, 5436845556974250, NULL, '2018-04-03', NULL, 11, NULL, 197.70, NULL, NULL, NULL, NULL, 74151445, 197.70, '2018-04-04', '2018-04-11 10:04:38', '2018-04-11 10:04:38'),
	(11, 5436845556974250, NULL, '2018-04-03', NULL, 11, NULL, 172.92, NULL, NULL, NULL, NULL, 74151448, 172.92, '2018-04-05', '2018-04-11 10:04:38', '2018-04-11 10:04:38'),
	(12, 5436845556974250, NULL, '2018-04-02', NULL, 25, NULL, 344.75, NULL, NULL, NULL, NULL, 74151448, 344.75, '2018-04-03', '2018-04-11 10:04:38', '2018-04-11 10:04:38'),
	(13, 5436845556974250, NULL, '2018-04-02', NULL, 10, NULL, 216.55, NULL, NULL, NULL, NULL, 74151445, 216.55, '2018-04-03', '2018-04-11 10:04:38', '2018-04-11 10:04:38'),
	(14, 5436845556974250, NULL, '2018-04-02', NULL, 9, NULL, 205.68, NULL, NULL, NULL, NULL, 74151448, 205.68, '2018-04-04', '2018-04-11 10:04:38', '2018-04-11 10:04:38');
/*!40000 ALTER TABLE `merchant_batches_and_transactions` ENABLE KEYS */;

-- Дамп структуры для таблица webforms.merchant_chargeback_thresholds
CREATE TABLE IF NOT EXISTS `merchant_chargeback_thresholds` (
  `id` int(10) unsigned NOT NULL AUTO_INCREMENT,
  `MerchantId` bigint(20) unsigned NOT NULL,
  `ChargebackDate` date DEFAULT NULL,
  `TransactionDate` date DEFAULT NULL,
  `CardType` varchar(191) COLLATE utf8mb4_unicode_ci DEFAULT NULL,
  `CountChargebacks` int(10) unsigned DEFAULT NULL,
  `CountSales` int(10) unsigned DEFAULT NULL,
  `PercentChargebacks` decimal(8,2) DEFAULT NULL,
  `AmountChargebacks` decimal(10,2) DEFAULT NULL,
  `AmountSales` decimal(10,2) DEFAULT NULL,
  `PercentSales` decimal(8,2) DEFAULT NULL,
  `created_at` timestamp NULL DEFAULT NULL,
  `updated_at` timestamp NULL DEFAULT NULL,
  PRIMARY KEY (`id`),
  UNIQUE KEY `unique` (`MerchantId`,`ChargebackDate`,`TransactionDate`,`CardType`),
  KEY `merchant_chargeback_thresholds_merchantid_index` (`MerchantId`)
) ENGINE=InnoDB DEFAULT CHARSET=utf8mb4 COLLATE=utf8mb4_unicode_ci;

-- Дамп данных таблицы webforms.merchant_chargeback_thresholds: ~0 rows (приблизительно)
/*!40000 ALTER TABLE `merchant_chargeback_thresholds` DISABLE KEYS */;
/*!40000 ALTER TABLE `merchant_chargeback_thresholds` ENABLE KEYS */;

-- Дамп структуры для таблица webforms.merchant_details
CREATE TABLE IF NOT EXISTS `merchant_details` (
  `id` int(10) unsigned NOT NULL AUTO_INCREMENT,
  `MerchantId` bigint(20) unsigned NOT NULL,
  `Merchantname` varchar(191) COLLATE utf8mb4_unicode_ci DEFAULT NULL,
  `DBAAdress1` varchar(191) COLLATE utf8mb4_unicode_ci DEFAULT NULL,
  `DBAAdress2` varchar(191) COLLATE utf8mb4_unicode_ci DEFAULT NULL,
  `DBACity` varchar(191) COLLATE utf8mb4_unicode_ci DEFAULT NULL,
  `DBAState` varchar(191) COLLATE utf8mb4_unicode_ci DEFAULT NULL,
  `DBAZip` varchar(191) COLLATE utf8mb4_unicode_ci DEFAULT NULL,
  `LegalAdress1` varchar(191) COLLATE utf8mb4_unicode_ci DEFAULT NULL,
  `LegalAdress2` varchar(191) COLLATE utf8mb4_unicode_ci DEFAULT NULL,
  `LegalCity` varchar(191) COLLATE utf8mb4_unicode_ci DEFAULT NULL,
  `LegalState` varchar(191) COLLATE utf8mb4_unicode_ci DEFAULT NULL,
  `LegalZip` varchar(191) COLLATE utf8mb4_unicode_ci DEFAULT NULL,
  `DBAPhone` varchar(191) COLLATE utf8mb4_unicode_ci DEFAULT NULL,
  `DBAEmail` varchar(191) COLLATE utf8mb4_unicode_ci DEFAULT NULL,
  `DBAFax` varchar(191) COLLATE utf8mb4_unicode_ci DEFAULT NULL,
  `DBAStateTax` varchar(191) COLLATE utf8mb4_unicode_ci DEFAULT NULL,
  `DBAEDC` varchar(191) COLLATE utf8mb4_unicode_ci DEFAULT NULL,
  `DBAApprovalDate` date DEFAULT NULL,
  `DBAFirstDepositDate` date DEFAULT NULL,
  `DBABusDescription` varchar(191) COLLATE utf8mb4_unicode_ci DEFAULT NULL,
  `LegalPhone` varchar(191) COLLATE utf8mb4_unicode_ci DEFAULT NULL,
  `LegalEmail` varchar(191) COLLATE utf8mb4_unicode_ci DEFAULT NULL,
  `FederalTax` varchar(191) COLLATE utf8mb4_unicode_ci DEFAULT NULL,
  `Cantact` varchar(191) COLLATE utf8mb4_unicode_ci DEFAULT NULL,
  `SIC` varchar(191) COLLATE utf8mb4_unicode_ci DEFAULT NULL,
  `DateOpened` date DEFAULT NULL,
  `LastDepositDate` date DEFAULT NULL,
  `Status` varchar(191) COLLATE utf8mb4_unicode_ci DEFAULT NULL,
  `ApprovedVolume` decimal(12,2) DEFAULT NULL,
  `Swiped` decimal(6,2) DEFAULT NULL,
  `ManualyKeyedCardPresent` decimal(8,2) DEFAULT NULL,
  `ManualyKeyedCardNotPresent` decimal(8,2) DEFAULT NULL,
  `ecomerce` decimal(8,2) DEFAULT NULL,
  `Busines` decimal(8,2) DEFAULT NULL,
  `WeekendSettlement` varchar(191) COLLATE utf8mb4_unicode_ci DEFAULT NULL,
  `isDefaultAccount` tinyint(1) NOT NULL DEFAULT '1',
  `DDA` int(10) unsigned DEFAULT NULL,
  `RoutingNumber` int(10) unsigned DEFAULT NULL,
  `created_at` timestamp NULL DEFAULT NULL,
  `updated_at` timestamp NULL DEFAULT NULL,
  PRIMARY KEY (`id`),
  UNIQUE KEY `merchant_details_merchantid_unique` (`MerchantId`)
) ENGINE=InnoDB AUTO_INCREMENT=8 DEFAULT CHARSET=utf8mb4 COLLATE=utf8mb4_unicode_ci;

-- Дамп данных таблицы webforms.merchant_details: ~0 rows (приблизительно)
/*!40000 ALTER TABLE `merchant_details` DISABLE KEYS */;
INSERT INTO `merchant_details` (`id`, `MerchantId`, `Merchantname`, `DBAAdress1`, `DBAAdress2`, `DBACity`, `DBAState`, `DBAZip`, `LegalAdress1`, `LegalAdress2`, `LegalCity`, `LegalState`, `LegalZip`, `DBAPhone`, `DBAEmail`, `DBAFax`, `DBAStateTax`, `DBAEDC`, `DBAApprovalDate`, `DBAFirstDepositDate`, `DBABusDescription`, `LegalPhone`, `LegalEmail`, `FederalTax`, `Cantact`, `SIC`, `DateOpened`, `LastDepositDate`, `Status`, `ApprovedVolume`, `Swiped`, `ManualyKeyedCardPresent`, `ManualyKeyedCardNotPresent`, `ecomerce`, `Busines`, `WeekendSettlement`, `isDefaultAccount`, `DDA`, `RoutingNumber`, `created_at`, `updated_at`) VALUES
	(1, 1, '1', '1', '1', '1', '1', '1', '1', '1', '1', '1', '1', '1', '1', '1', '1', '1', '1018-04-12', '2018-04-12', '1', '1', '1', '1', '1', '1', '2018-04-12', '2018-04-12', '1', 1.00, 1.00, 1.00, 11.00, 11.00, 1.00, '111', 1, 111, 111, '2018-04-12 13:43:11', '2018-04-12 13:43:13'),
	(2, 5436845557429932, '5 STAR WINDOW TINTING LLC', '12052 SW 131 AVE', '', 'MIAMI', 'FL', '33186-0000', '12052 SW 131 AVE', '', 'MIAMI', 'FL', '33186-0000', '(305) 232-9124', 'fivestarwindow@outlook.com', '', '000000000', 'EDC', '2001-06-01', '2002-06-01', 'WINDOW TINTING/AUTO ACCESSORIES', '(305) 232-9124', 'fivestarwindow@outlook.com', '812647742', 'THOMAS REYES', '5533', '2001-06-01', '2011-04-01', 'Open', 144.00, 100.00, 0.00, 0.00, 0.00, 0.00, 'Y', 0, 837369797, 267084131, '2018-04-16 12:41:31', '2018-04-16 12:41:31'),
	(3, 5436845556975794, 'BOTTEGA GRILL LLC', '2411 SW 147 AVE', '', 'MIAMI', 'FL', '33185-0000', '2411 SW 147 AVE', '', 'MIAMI', 'FL', '33185-0000', '(305) 220-1335', 'DANIAYARRUHS@HOTMAIL.COM', '', '000000000', 'EDC', '2015-04-01', '2005-05-01', 'RESTAURANT', '(305) 220-1335', 'DANIAYARRUHS@HOTMAIL.COM', '472350637', 'DANIA YARRUHS', '5812', '2015-04-01', '2013-04-01', 'Open', 960.00, 95.00, 0.00, 5.00, 0.00, 0.00, 'Y', 0, 668121218, 267084131, '2018-04-16 12:41:39', '2018-04-16 12:41:39'),
	(4, 5436845556974250, 'LA MACARENA RESTAURANT', '13769 SW 139 COURT', '', 'MIAMI', 'FL', '33186-0000', '13769 SW 139 COURT', '', 'MIAMI', 'FL', '33186-0000', '(305) 253-1777', 'DANIAYARRUHS@HOTMAIL.COM', '', '000000000', 'EDC', '2014-04-01', '2017-04-01', 'RESTAURANT', '(305) 253-1777', 'DANIAYARRUHS@HOTMAIL.COM', '371609138', 'DANIA YARRUHS', '5812', '2014-04-01', '2013-04-01', 'Open', 720.00, 80.00, 0.00, 20.00, 0.00, 0.00, 'Y', 0, 992260471, 267084131, '2018-04-16 12:41:40', '2018-04-16 12:41:40');
/*!40000 ALTER TABLE `merchant_details` ENABLE KEYS */;

-- Дамп структуры для таблица webforms.merchant_fees
CREATE TABLE IF NOT EXISTS `merchant_fees` (
  `id` int(10) unsigned NOT NULL AUTO_INCREMENT,
  `MerchantId` bigint(20) unsigned NOT NULL,
  `StartDate` date DEFAULT NULL,
  `ExpDate` date DEFAULT NULL,
  `Amount` decimal(10,2) DEFAULT NULL,
  `AmountCharged` decimal(10,2) DEFAULT NULL,
  `Description` varchar(191) COLLATE utf8mb4_unicode_ci DEFAULT NULL,
  `created_at` timestamp NULL DEFAULT NULL,
  `updated_at` timestamp NULL DEFAULT NULL,
  PRIMARY KEY (`id`),
  UNIQUE KEY `unique` (`MerchantId`,`StartDate`,`ExpDate`),
  KEY `merchant_fees_merchantid_index` (`MerchantId`)
) ENGINE=InnoDB AUTO_INCREMENT=23 DEFAULT CHARSET=utf8mb4 COLLATE=utf8mb4_unicode_ci;

-- Дамп данных таблицы webforms.merchant_fees: ~14 rows (приблизительно)
/*!40000 ALTER TABLE `merchant_fees` DISABLE KEYS */;
INSERT INTO `merchant_fees` (`id`, `MerchantId`, `StartDate`, `ExpDate`, `Amount`, `AmountCharged`, `Description`, `created_at`, `updated_at`) VALUES
	(1, 5436845557429932, '2016-06-01', '2016-06-01', 24.95, 24.95, 'MONTHLY SERVICE FEE', '2018-04-11 07:35:47', '2018-04-11 07:35:47'),
	(2, 5436845557429932, '2016-06-01', '1999-12-01', 24.95, 24.95, 'MONTHLY SERVICE FEE', '2018-04-11 07:40:02', '2018-04-11 07:40:02'),
	(6, 5436845557429932, '2018-03-01', '2018-03-01', 2.00, 2.00, 'FIXED ACQUIRER NETWORK FEE (FANF)', '2018-04-11 07:42:16', '2018-04-11 07:42:16'),
	(7, 5436845557429932, '2017-12-01', '1999-12-01', 0.00, 0.00, 'ANNUAL LOCATION FEE FOR MC', '2018-04-11 07:42:16', '2018-04-11 07:42:16'),
	(8, 5436845556975794, '2015-05-01', '1999-12-01', 24.95, 24.95, 'MONTHLY SERVICE FEE', '2018-04-11 07:42:17', '2018-04-11 07:42:17'),
	(9, 5436845556975794, '2016-01-01', '1999-12-01', 10.00, 10.00, 'PIN BASED DEBIT MONTHLY FEE', '2018-04-11 07:42:17', '2018-04-11 07:42:17'),
	(11, 5436845556975794, '2018-03-01', '2018-03-01', 2.00, 2.00, 'FIXED ACQUIRER NETWORK FEE (FANF)', '2018-04-11 07:42:17', '2018-04-11 07:42:17'),
	(12, 5436845556975794, '2016-07-01', '1999-12-01', 0.00, 0.00, 'ANNUAL LOCATION FEE FOR MC', '2018-04-11 07:42:17', '2018-04-11 07:42:17'),
	(13, 5436845556974250, '2015-04-01', '1999-12-01', 9.95, 9.95, 'MONTHLY SERVICE FEE', '2018-04-11 07:42:18', '2018-04-11 07:42:18'),
	(16, 5436845556974250, '2018-03-01', '2018-03-01', 4.00, 4.00, 'FIXED ACQUIRER NETWORK FEE (FANF)', '2018-04-11 07:42:19', '2018-04-11 07:42:19'),
	(17, 5436845556974250, '2017-03-01', '1999-12-01', 0.00, 0.00, 'PULSE ANNUAL FEE', '2018-04-11 07:42:19', '2018-04-11 07:42:19'),
	(18, 5436845556974250, '2015-08-01', '1999-12-01', 0.00, 0.00, 'STAR ANNUAL FEE', '2018-04-11 07:42:19', '2018-04-11 07:42:19'),
	(19, 5436845556974250, '2016-07-01', '1999-12-01', 0.00, 0.00, 'ANNUAL LOCATION FEE FOR MC', '2018-04-11 07:42:20', '2018-04-11 07:42:20'),
	(22, 5436845556974250, '2017-12-01', '1999-12-01', 0.00, 0.00, 'ACCEL ANNUAL FEE', '2018-04-11 07:42:20', '2018-04-11 07:42:20');
/*!40000 ALTER TABLE `merchant_fees` ENABLE KEYS */;

-- Дамп структуры для таблица webforms.merchant_maintenance_histories
CREATE TABLE IF NOT EXISTS `merchant_maintenance_histories` (
  `id` int(10) unsigned NOT NULL AUTO_INCREMENT,
  `MerchantId` bigint(20) unsigned NOT NULL,
  `RequestNumber` int(10) unsigned DEFAULT NULL,
  `RequestType` varchar(191) COLLATE utf8mb4_unicode_ci DEFAULT NULL,
  `DateSubmited` date DEFAULT NULL,
  `SubmitedBy` varchar(191) COLLATE utf8mb4_unicode_ci DEFAULT NULL,
  `DateCompleted` date DEFAULT NULL,
  `status` varchar(191) COLLATE utf8mb4_unicode_ci DEFAULT NULL,
  `Request` varchar(191) COLLATE utf8mb4_unicode_ci DEFAULT NULL,
  `created_at` timestamp NULL DEFAULT NULL,
  `updated_at` timestamp NULL DEFAULT NULL,
  PRIMARY KEY (`id`),
  UNIQUE KEY `unique` (`MerchantId`,`RequestNumber`),
  KEY `merchant_maintenance_histories_merchantid_index` (`MerchantId`)
) ENGINE=InnoDB AUTO_INCREMENT=9 DEFAULT CHARSET=utf8mb4 COLLATE=utf8mb4_unicode_ci;

-- Дамп данных таблицы webforms.merchant_maintenance_histories: ~8 rows (приблизительно)
/*!40000 ALTER TABLE `merchant_maintenance_histories` DISABLE KEYS */;
INSERT INTO `merchant_maintenance_histories` (`id`, `MerchantId`, `RequestNumber`, `RequestType`, `DateSubmited`, `SubmitedBy`, `DateCompleted`, `status`, `Request`, `created_at`, `updated_at`) VALUES
	(1, 5436845557429932, 1220482, NULL, '2018-02-05', 'KAB3', '2018-02-06', 'Complete', 'USAIDC/KAB3/Added: 7 7  Request:1-220-482/N/A\r\nMaintenance tasks: New POS.', '2018-04-11 09:15:51', '2018-04-11 09:15:51'),
	(2, 5436845557429932, 1220452, NULL, '2018-02-05', 'TMN1', '2018-02-06', 'Complete', 'USAIDC/TMN1/Added: 5 5 6  Request:1-220-452/N/A\r\nMaintenance tasks: New POS.', '2018-04-11 09:15:51', '2018-04-11 09:15:51'),
	(3, 5436845557429932, 1058982, NULL, '2016-12-09', 'AAL1', '2016-12-12', 'Complete', 'USAIDC/AAL1/ Request:1-058-982/N/A\r\nMaintenance tasks: Add/Remove Breach Coverage.\r\n\r\nPlease remove breach coverage\r\ntkt-1549834', '2018-04-11 09:15:51', '2018-04-11 09:15:51'),
	(4, 5436845557429932, 991652, NULL, '2016-06-01', 'BC', '2016-06-02', 'Complete', 'USAIDC/BC/V4061950 V4061953  Request:991-652/N/A\r\nMaintenance tasks: Capture Profile Only.\r\nPlease capture the printer req field  set to 1 for V4061950 and for V4061953', '2018-04-11 09:15:51', '2018-04-11 09:15:51'),
	(5, 5436845557429932, 991545, NULL, '2016-06-01', 'sys', '2016-06-01', 'Complete', 'New Application', '2018-04-11 09:15:51', '2018-04-11 09:15:51'),
	(6, 5436845556974250, 1005088, NULL, '2016-07-12', 'JAF2', '2016-07-14', 'Complete', 'USAIDC/JAF2/V4151445 V4151448  Request:1-005-088/N/A\r\nMaintenance tasks: Capture Profile Only.\r\nNew profile build', '2018-04-11 09:15:51', '2018-04-11 09:15:51'),
	(7, 5436845556974250, 1005043, NULL, '2016-07-12', 'DDF', '2016-07-13', 'Complete', 'USAIDC/DDF/V2896779 V2896781 V3552403  Request:1-005-043/N/A\r\nMaintenance tasks: Terminal Delete.', '2018-04-11 09:15:51', '2018-04-11 09:15:51'),
	(8, 5436845556974250, 1004992, NULL, '2016-07-12', 'BAE1', '2016-07-12', 'Complete', 'USAIDC/BAE1/Added: 7 7 8  Request:1-004-992/Requester\r\nMaintenance tasks: New POS.', '2018-04-11 09:15:52', '2018-04-11 09:15:52');
/*!40000 ALTER TABLE `merchant_maintenance_histories` ENABLE KEYS */;

-- Дамп структуры для таблица webforms.merchant_note_histories
CREATE TABLE IF NOT EXISTS `merchant_note_histories` (
  `id` int(10) unsigned NOT NULL AUTO_INCREMENT,
  `MerchantId` bigint(20) unsigned NOT NULL,
  `DateCreated` datetime NOT NULL,
  `Note` text COLLATE utf8mb4_unicode_ci,
  `NoteSource` varchar(191) COLLATE utf8mb4_unicode_ci DEFAULT NULL,
  `created_at` timestamp NULL DEFAULT NULL,
  `updated_at` timestamp NULL DEFAULT NULL,
  PRIMARY KEY (`id`),
  UNIQUE KEY `unique` (`MerchantId`,`DateCreated`,`NoteSource`),
  KEY `merchant_note_histories_merchantid_index` (`MerchantId`)
) ENGINE=InnoDB AUTO_INCREMENT=127 DEFAULT CHARSET=utf8mb4 COLLATE=utf8mb4_unicode_ci;

-- Дамп данных таблицы webforms.merchant_note_histories: ~109 rows (приблизительно)
/*!40000 ALTER TABLE `merchant_note_histories` DISABLE KEYS */;
INSERT INTO `merchant_note_histories` (`id`, `MerchantId`, `DateCreated`, `Note`, `NoteSource`, `created_at`, `updated_at`) VALUES
	(1, 5436845557429932, '2018-02-06 14:22:46', 'Maintenance request number 1220482 complete. No follow up requested.\r\nAction taken:\r\nTerminal> Completed | JAF2 | Feb  6 2018  2:22PM', 'Complete Payment Solutions', '2018-04-11 09:33:20', '2018-04-11 09:33:20'),
	(3, 5436845557429932, '2018-02-06 14:22:46', 'Merchant Profile Updated', 'Miscellaneous', '2018-04-11 09:36:12', '2018-04-11 09:36:12'),
	(4, 5436845557429932, '2018-02-06 09:04:08', 'Maintenance request number 1220452 complete. No follow up requested.\r\nAction taken:\r\nTerminal> Completed | JAF2 | Feb  6 2018  9:04AM', 'Complete Payment Solutions', '2018-04-11 09:36:12', '2018-04-11 09:36:12'),
	(5, 5436845557429932, '2018-02-06 09:04:08', 'Merchant Profile Updated', 'Miscellaneous', '2018-04-11 09:36:12', '2018-04-11 09:36:12'),
	(6, 5436845557429932, '2018-02-06 09:04:05', 'Merchant Profile Updated', 'Miscellaneous', '2018-04-11 09:36:13', '2018-04-11 09:36:13'),
	(7, 5436845557429932, '2018-02-05 15:34:38', 'Caller: Mary Vega/ISO\r\nIssue: Verified in PSS Address book. Needs Pax S80 added to account. IP\r\n autosettle at 1700.\r\nResolution: Put in MR to build.\r\nNFQ', 'Technical Support', '2018-04-11 09:36:13', '2018-04-11 09:36:13'),
	(8, 5436845557429932, '2018-02-05 15:33:54', 'USAIDC/KAB3/Added: 7 7  Request:1-220-482/N/A\r\nMaintenance tasks: New POS.', 'Coding Request', '2018-04-11 09:36:13', '2018-04-11 09:36:13'),
	(9, 5436845557429932, '2018-02-05 15:12:36', 'Name: Mary Vega/STW\r\nIRS:Invalid\r\nIssue:ci she needed some files built for two Vx520s Retail\r\n IP\r\n Internal PP. and auto close at 1700. Built the two files for the Rep. Merch is gtg. NFQ', 'Technical Support', '2018-04-11 09:36:13', '2018-04-11 09:36:13'),
	(10, 5436845557429932, '2018-02-05 15:10:37', 'USAIDC/TMN1/Added: 5 5 6  Request:1-220-452/N/A\r\nMaintenance tasks: New POS.', 'Coding Request', '2018-04-11 09:36:14', '2018-04-11 09:36:14'),
	(11, 5436845557429932, '2017-12-07 10:25:04', 'Merchant was impacted by a duplicate funding issue.  The funding was related to the merchant’s transaction activity from 12/1-12/2 which was first funded on Monday\r\n Dec 4th and then again on Tuesday\r\n Dec 5th.  Debits to correct the duplicate funding have been processed and were posted to merchant bank accounts on Thursday\r\n Dec 7th.', 'Miscellaneous', '2018-04-11 09:36:14', '2018-04-11 09:36:14'),
	(12, 5436845557429932, '2017-12-06 14:19:09', 'Routing Number: 267084131 Account Number: 837369797Debit Checking Amount: 117.70 Addenda: 5436845557429932 5 STAR WINDOW TINTING DPCR 12/4/17                              Comments: Deposit Correction - Duplicate Funding 12/4/17', 'Deposit Corrections', '2018-04-11 09:36:14', '2018-04-11 09:36:14'),
	(13, 5436845557429932, '2017-08-28 15:51:45', 'Routing Number: 267084131 Account Number: 837369797Credit Checking Amount: 85.60 Addenda: 5436845557429932 5 STAR WINDOW TINTING DBTA 8/28/2017                            Comments: 19094 Auto Debit Card ACH\r\nSee MS Escalations\r\n5115....1650 818', 'Debit Card Auto', '2018-04-11 09:36:14', '2018-04-11 09:36:14'),
	(14, 5436845557429932, '2017-04-14 11:16:55', 'Merchant received MasterCard platform clearing reject – rekeyed 04/11/17', 'Rejects', '2018-04-11 09:36:15', '2018-04-11 09:36:15'),
	(15, 5436845557429932, '2017-01-09 10:36:13', 'Thomas - Owner: called to close account. LEt him know STW handles closures\r\n provided number and transferred. NFQ.', 'Referral to STW', '2018-04-11 09:36:15', '2018-04-11 09:36:15'),
	(16, 5436845557429932, '2016-12-12 09:36:45', 'Maintenance request number 1058982 complete. No follow up requested.\r\nAction taken:\r\nData Entry> Complete: | TON2 | Dec 12 2016  9:36AM', 'Complete Payment Solutions', '2018-04-11 09:36:15', '2018-04-11 09:36:15'),
	(17, 5436845557429932, '2016-12-12 09:36:35', 'USAIDC/TON2/Request: 86573/N/A\r\n12/12/2016\r\n No Increase\r\nRemoved Breach Coverage', ' ', '2018-04-11 09:36:15', '2018-04-11 09:36:15'),
	(18, 5436845557429932, '2016-12-09 08:23:44', 'USAIDC/AAL1/ Request:1-058-982/N/A\r\nMaintenance tasks: Add/Remove Breach Coverage.\r\n\r\nPlease remove breach coverage\r\ntkt-1549834', ' ', '2018-04-11 09:36:15', '2018-04-11 09:36:15'),
	(19, 5436845557429932, '2016-10-24 15:59:41', 'Opted out of TransLink - never had logged in.\r\n***************************************\r\ntxt# 1537043', '*TransLink Cancel (opt out)', '2018-04-11 09:36:16', '2018-04-11 09:36:16'),
	(20, 5436845557429932, '2016-07-11 15:52:02', 'Ticket #1503733- RCVD request to waive Chargeback fee to the merchant per STW request', 'Pricing', '2018-04-11 09:36:16', '2018-04-11 09:36:16'),
	(21, 5436845557429932, '2016-06-02 15:38:43', 'Volume changed from $15\r\n000.00 to $12\r\n000.00\r\n JPC', 'Merchant Review', '2018-04-11 09:36:16', '2018-04-11 09:36:16'),
	(22, 5436845557429932, '2016-06-02 11:53:08', 'Maintenance request number 991652 complete. No follow up requested.\r\nAction taken:\r\nTerminal> Completed | KXT1 | Jun  2 2016 11:53AM', 'Complete Payment Solutions', '2018-04-11 09:36:16', '2018-04-11 09:36:16'),
	(23, 5436845557429932, '2016-06-02 11:53:08', 'Merchant Profile Updated', 'Miscellaneous', '2018-04-11 09:36:17', '2018-04-11 09:36:17'),
	(25, 5436845557429932, '2016-06-02 07:53:20', 'Mary ISO/STW wanted to make sure that she is good to download the update to the terminals. Spoke with Randal in Tech Support and she can do this without any problems. NFQ.', 'Technical Support', '2018-04-11 09:36:17', '2018-04-11 09:36:17'),
	(26, 5436845557429932, '2016-06-02 07:39:40', 'Welcome Kit sent by TransFirst to STW without plates.', 'Welcome Kit', '2018-04-11 09:36:17', '2018-04-11 09:36:17'),
	(27, 5436845557429932, '2016-06-02 07:39:32', 'Welcome Kit sent by TransFirst to merchant without plates.', 'Welcome Kit', '2018-04-11 09:36:17', '2018-04-11 09:36:17'),
	(28, 5436845557429932, '2016-06-01 13:38:37', 'USAIDC/BC/V4061950 V4061953  Request:991-652/N/A\r\nMaintenance tasks: Capture Profile Only.\r\nPlease capture the printer req field  set to 1 for V4061950 and for V4061953', 'Capture Request', '2018-04-11 09:36:18', '2018-04-11 09:36:18'),
	(29, 5436845557429932, '2016-06-01 13:36:23', 'Merchant Profile Updated', 'Miscellaneous', '2018-04-11 09:36:18', '2018-04-11 09:36:18'),
	(30, 5436845557429932, '2016-06-01 13:36:22', 'Merchant Profile Updated', 'Miscellaneous', '2018-04-11 09:36:18', '2018-04-11 09:36:18'),
	(33, 5436845556975794, '2018-02-25 20:13:13', 'Dania Yarruhs/Owner\r\n2/25 $175.69 2395\r\n needs full CC to do partial reversal\r\n advised on full CC\r\n NFQ', 'Batch/Transaction Lookup', '2018-04-11 09:36:19', '2018-04-11 09:36:19'),
	(34, 5436845556975794, '2018-02-12 14:05:25', 'Reject summary for ledger date 02/11/18:  Merch recv\'d 1 reject totaling $106.74 for reason code 2226: INVALID GCMS PRODUCT ID.  MDE submitted to correct reject.', 'Rejects', '2018-04-11 09:36:19', '2018-04-11 09:36:19'),
	(35, 5436845556975794, '2018-02-02 15:44:21', 'Routing Number: 267084131 Account Number: 668121218Debit Checking Amount: 36.30 Addenda: Case: 2018030016185  MID: 5436845556975794 BOTTEGA GRILL\r\n Amt: $36.30            Comments:', 'Chargeback', '2018-04-11 09:36:19', '2018-04-11 09:36:19'),
	(36, 5436845556975794, '2018-01-31 15:42:30', 'Routing Number: 267084131 Account Number: 668121218Debit Checking Amount: 27.67 Addenda: Case: 2018026015103  MID: 5436845556975794 BOTTEGA GRILL\r\n Amt: $27.67            Comments:', 'Chargeback', '2018-04-11 09:36:19', '2018-04-11 09:36:19'),
	(37, 5436845556975794, '2018-01-16 16:43:49', 'Routing Number: 267084131 Account Number: 668121218Debit Checking Amount: 25.67 Addenda: Case: 2018011014429  MID: 5436845556975794 BOTTEGA GRILL\r\n Amt: $25.67            Comments:', 'Chargeback', '2018-04-11 09:36:20', '2018-04-11 09:36:20'),
	(38, 5436845556975794, '2017-12-12 14:46:15', 'Dania/mgr:Ci- was wanting a copy of the contract\r\n i referred the merch to the STW who handles the contract for their acct. merch verified the STW ph# with me. nf.q', 'Referral to STW', '2018-04-11 09:36:20', '2018-04-11 09:36:20'),
	(39, 5436845556975794, '2017-12-07 10:25:04', 'Merchant was impacted by a duplicate funding issue.  The funding was related to the merchant’s transaction activity from 12/1-12/2 which was first funded on Monday\r\n Dec 4th and then again on Tuesday\r\n Dec 5th.  Debits to correct the duplicate funding have been processed and were posted to merchant bank accounts on Thursday\r\n Dec 7th.', 'Miscellaneous', '2018-04-11 09:36:20', '2018-04-11 09:36:20'),
	(40, 5436845556975794, '2017-12-06 13:38:14', 'Routing Number: 267084131 Account Number: 668121218Debit Checking Amount: 2209.95 Addenda: 5436845556975794 BOTTEGA GRILL DPCR 12/4/17                                      Comments: Deposit Correction - Duplicate Funding 12/4/17', 'Deposit Corrections', '2018-04-11 09:36:20', '2018-04-11 09:36:20'),
	(42, 5436845556975794, '2017-12-05 08:23:08', 'Reject summary for ledger date 12/01/17:  Merch recv\'d 1 reject totaling $42.94 for reason code 2226: INVALID GCMS PRODUCT ID.  MDE submitted to correct reject.', 'Rejects', '2018-04-11 09:36:21', '2018-04-11 09:36:21'),
	(43, 5436845556975794, '2017-12-01 15:55:36', 'Routing Number: 267084131 Account Number: 668121218Debit Checking Amount: 29.82 Addenda: Case: 2017332015540  MID: 5436845556975794 BOTTEGA GRILL\r\n Amt: $29.82            Comments:', 'Chargeback', '2018-04-11 09:36:21', '2018-04-11 09:36:21'),
	(44, 5436845556975794, '2017-11-30 15:50:12', 'Routing Number: 267084131 Account Number: 668121218Debit Checking Amount: 54.34 Addenda: Case: 2017331024529  MID: 5436845556975794 BOTTEGA GRILL\r\n Amt: $54.34            Comments:', 'Chargeback', '2018-04-11 09:36:21', '2018-04-11 09:36:21'),
	(46, 5436845556975794, '2017-11-30 14:14:44', 'Reject summary for ledger date 11/29/17:  Merch recv\'d 1 reject totaling $100.00 for reason code 2226: INVALID GCMS PRODUCT ID.  MDE submitted to correct reject.', 'Rejects', '2018-04-11 09:36:21', '2018-04-11 09:36:21'),
	(47, 5436845556975794, '2017-11-29 15:50:18', 'Routing Number: 267084131 Account Number: 668121218Debit Checking Amount: 34.31 Addenda: Case: 2017328020333  MID: 5436845556975794 BOTTEGA GRILL\r\n Amt: $34.31            Comments:', 'Chargeback', '2018-04-11 09:36:22', '2018-04-11 09:36:22'),
	(48, 5436845556975794, '2017-11-29 14:18:00', 'Reject summary for ledger date 11/28/17:  Merch recv\'d 1 reject totaling $100.00 for reason code 2226: INVALID GCMS PRODUCT ID.  MDE submitted to correct reject.', 'Rejects', '2018-04-11 09:36:22', '2018-04-11 09:36:22'),
	(49, 5436845556975794, '2017-11-27 15:03:25', 'Reject summary for ledger date 11/26/17:  Merch recv\'d 1 reject totaling $133.80 for reason code 2226: INVALID GCMS PRODUCT ID.  MDE submitted to correct reject.', 'Rejects', '2018-04-11 09:36:22', '2018-04-11 09:36:22'),
	(50, 5436845556975794, '2017-11-24 15:46:16', 'Routing Number: 267084131 Account Number: 668121218Debit Checking Amount: 25.19 Addenda: Case: 2017324020625  MID: 5436845556975794 BOTTEGA GRILL\r\n Amt: $25.19            Comments:', 'Chargeback', '2018-04-11 09:36:22', '2018-04-11 09:36:22'),
	(51, 5436845556975794, '2017-11-17 14:45:27', 'Reject summary for ledger date 11/16/17:  Merch recv\'d 1 reject totaling $54.34 for reason code 2226: INVALID GCMS PRODUCT ID.  MDE submitted to correct reject.', 'Rejects', '2018-04-11 09:36:23', '2018-04-11 09:36:23'),
	(52, 5436845556975794, '2017-11-16 15:50:45', 'Routing Number: 267084131 Account Number: 668121218Debit Checking Amount: 48.43 Addenda: Case: 2017317018619  MID: 5436845556975794 BOTTEGA GRILL\r\n Amt: $48.43            Comments:', 'Chargeback', '2018-04-11 09:36:23', '2018-04-11 09:36:23'),
	(53, 5436845556975794, '2017-11-16 14:56:34', 'Reject summary for ledger date 11/15/17:  Merch recv\'d 1 reject totaling $54.34 for reason code 2226: INVALID GCMS PRODUCT ID.  MDE submitted to correct reject.', 'Rejects', '2018-04-11 09:36:23', '2018-04-11 09:36:23'),
	(54, 5436845556975794, '2017-11-10 16:22:59', 'Routing Number: 267084131 Account Number: 668121218Debit Checking Amount: 56.74 Addenda: Case: 2017311021751  MID: 5436845556975794 BOTTEGA GRILL\r\n Amt: $56.74            Comments:', 'Chargeback', '2018-04-11 09:36:23', '2018-04-11 09:36:23'),
	(55, 5436845556975794, '2017-11-02 16:06:56', 'Routing Number: 267084131 Account Number: 668121218Debit Checking Amount: 43.86 Addenda: Case: 2017303022989  MID: 5436845556975794 BOTTEGA GRILL\r\n Amt: $43.86            Comments:', 'Chargeback', '2018-04-11 09:36:24', '2018-04-11 09:36:24'),
	(57, 5436845556975794, '2017-10-12 15:52:17', 'Routing Number: 267084131 Account Number: 668121218Credit Checking Amount: 65.76 Addenda: Case: 2017278015597  MID: 5436845556975794 BOTTEGA GRILL\r\n Amt: $65.76            Comments:', 'Chargeback', '2018-04-11 09:36:24', '2018-04-11 09:36:24'),
	(58, 5436845556975794, '2017-10-11 15:59:21', 'Routing Number: 267084131 Account Number: 668121218Debit Checking Amount: 65.76 Addenda: Case: 2017279015837  MID: 5436845556975794 BOTTEGA GRILL\r\n Amt: $65.76            Comments:', 'Chargeback', '2018-04-11 09:36:24', '2018-04-11 09:36:24'),
	(59, 5436845556975794, '2017-09-27 15:51:33', 'Routing Number: 267084131 Account Number: 668121218Debit Checking Amount: 40.72 Addenda: Case: 2017265017081  MID: 5436845556975794 BOTTEGA GRILL\r\n Amt: $40.72            Comments:', 'Chargeback', '2018-04-11 09:36:24', '2018-04-11 09:36:24'),
	(61, 5436845556975794, '2017-09-26 16:12:44', 'Reject summary for ledger date 09/25/17:  Merch recv\'d 3 rejects totaling $152.66 for reason code 2226: INVALID GCMS PRODUCT ID.  MDE submitted to correct rejects.', 'Rejects', '2018-04-11 09:36:25', '2018-04-11 09:36:25'),
	(62, 5436845556975794, '2017-09-25 13:55:01', 'Reject summary for ledger date 09/22/17:  Merch recv\'d 3 rejects totaling $152.66 for reason code 2226: INVALID GCMS PRODUCT ID.  MDE submitted to correct rejects.', 'Rejects', '2018-04-11 09:36:25', '2018-04-11 09:36:25'),
	(63, 5436845556975794, '2017-09-22 15:46:13', 'Reject summary for ledger date 09/21/17:  Merch recv\'d 3 rejects totaling $152.66 for reason code 2226: INVALID GCMS PRODUCT ID.  MDE submitted to correct rejects.', 'Rejects', '2018-04-11 09:36:25', '2018-04-11 09:36:25'),
	(64, 5436845556975794, '2017-09-21 17:47:33', 'Dania / Manager\r\nNeed full card number 09/21 106.31 9195. Provided full card number\r\n EXP and card type\r\n NFQ.', 'Batch/Transaction Lookup', '2018-04-11 09:36:25', '2018-04-11 09:36:25'),
	(65, 5436845556975794, '2017-09-21 17:42:27', 'Name: Tanya/owner\r\nIRS:Valid\r\n STW Svcs: Checked\r\n Note Hist: Good.\r\n Alert checked.\r\nIssue:ci to get a full cc# for a transaction an employee just accidentally voided. Was for $106.31 ending in 9195. Provided cc# and exp.', 'Batch/Transaction Lookup', '2018-04-11 09:36:26', '2018-04-11 09:36:26'),
	(66, 5436845556975794, '2017-09-21 15:14:41', 'Reject summary for ledger date 09/20/17:  Merch recv\'d 3 rejects totaling $152.66 for reason code 2226: INVALID GCMS PRODUCT ID.  MDE submitted to correct rejects.', 'Rejects', '2018-04-11 09:36:26', '2018-04-11 09:36:26'),
	(67, 5436845556975794, '2017-09-20 13:30:40', 'Reject summary for ledger date 09/19/17:  Merch recv\'d 3 rejects totaling $152.66 for reason code 2226: INVALID GCMS PRODUCT ID.  MDE submitted to correct rejects.', 'Rejects', '2018-04-11 09:36:26', '2018-04-11 09:36:26'),
	(68, 5436845556975794, '2017-09-19 15:36:45', 'Reject summary for ledger date 09/18/17:  Merch recv\'d 3 rejects totaling $152.66 for reason code 2226: INVALID GCMS PRODUCT ID.  MDE submitted to correct rejects.', 'Rejects', '2018-04-11 09:36:26', '2018-04-11 09:36:26'),
	(69, 5436845556975794, '2017-09-18 16:11:06', 'Reject summary for ledger date 09/15/17:  Merch recv\'d 3 rejects totaling $152.66 for reason code 2226: INVALID GCMS PRODUCT ID.  MDE submitted to correct rejects.', 'Rejects', '2018-04-11 09:36:27', '2018-04-11 09:36:27'),
	(70, 5436845556975794, '2017-09-15 15:34:43', 'Reject summary for ledger date 09/14/17:  Merch recv\'d 3 rejects totaling $152.66 for reason code 2226: INVALID GCMS PRODUCT ID.  MDE submitted to correct rejects.', 'Rejects', '2018-04-11 09:36:27', '2018-04-11 09:36:27'),
	(71, 5436845556975794, '2017-09-14 15:40:00', 'Reject summary for ledger date 09/13/17:  Merch recv\'d 3 rejects totaling $152.66 for reason code 2226: INVALID GCMS PRODUCT ID.  MDE submitted to correct rejects.', 'Rejects', '2018-04-11 09:36:27', '2018-04-11 09:36:27'),
	(72, 5436845556975794, '2017-09-13 14:58:22', 'Reject summary for ledger date 09/12/17:  Merch recv\'d 3 rejects totaling $152.66 for reason code 2226: INVALID GCMS PRODUCT ID.  MDE submitted to correct rejects.', 'Rejects', '2018-04-11 09:36:27', '2018-04-11 09:36:27'),
	(73, 5436845556975794, '2017-09-12 15:21:11', 'Reject summary for ledger date 09/11/17:  Merch recv\'d 3 rejects totaling $152.66 for reason code 2226: INVALID GCMS PRODUCT ID.  MDE submitted to correct rejects.', 'Rejects', '2018-04-11 09:36:28', '2018-04-11 09:36:28'),
	(74, 5436845556975794, '2017-09-11 15:08:06', 'Reject summary for ledger date 09/08/17:  Merch recv\'d 3 rejects totaling $152.66 for reason code 2226: INVALID GCMS PRODUCT ID.  MDE submitted to correct rejects.', 'Rejects', '2018-04-11 09:36:28', '2018-04-11 09:36:28'),
	(75, 5436845556975794, '2017-09-08 13:52:33', 'Reject summary for ledger date 09/07/17:  Merch recv\'d 3 rejects totaling $152.66 for reason code 2226: INVALID GCMS PRODUCT ID.  MDE submitted to correct rejects.', 'Rejects', '2018-04-11 09:36:28', '2018-04-11 09:36:28'),
	(76, 5436845556975794, '2017-09-08 10:28:38', 'Routing Number: 267084131 Account Number: 668121218Debit Checking Amount: 99.35 Addenda: Case: 2017248032182  MID: 5436845556975794 BOTTEGA GRILL\r\n Amt: $99.35            Comments:', 'Chargeback', '2018-04-11 09:36:28', '2018-04-11 09:36:28'),
	(77, 5436845556975794, '2017-09-07 14:42:10', 'Reject summary for ledger date 09/06/17:  Merch recv\'d 3 rejects totaling $152.66 for reason code 2226: INVALID GCMS PRODUCT ID.  MDE submitted to correct rejects.', 'Rejects', '2018-04-11 09:36:29', '2018-04-11 09:36:29'),
	(78, 5436845556975794, '2017-09-06 14:04:06', 'Reject summary for ledger date 09/05/17:  Merch recv\'d 3 rejects totaling $152.66 for reason code 2226: INVALID GCMS PRODUCT ID.  MDE submitted to correct rejects.', 'Rejects', '2018-04-11 09:36:29', '2018-04-11 09:36:29'),
	(79, 5436845556975794, '2017-09-05 13:53:57', 'Reject summary for ledger date 09/01/17:  Merch recv\'d 3 rejects totaling $152.66 for reason code 2226: INVALID GCMS PRODUCT ID.  MDE submitted to correct rejects.', 'Rejects', '2018-04-11 09:36:29', '2018-04-11 09:36:29'),
	(80, 5436845556975794, '2017-09-02 20:23:14', 'Tanya (Mngr) / Needs full CC#2741 for $49.65. An employee accidently voided when trying to adjust the tip. Provided. NFQs', 'Technical Support', '2018-04-11 09:36:29', '2018-04-11 09:36:29'),
	(81, 5436845556975794, '2017-09-01 13:41:03', 'Reject summary for ledger date 08/31/17:  Merch recv\'d 3 rejects totaling $152.66 for reason code 2226: INVALID GCMS PRODUCT ID.  MDE submitted to correct rejects.', 'Rejects', '2018-04-11 09:36:30', '2018-04-11 09:36:30'),
	(82, 5436845556975794, '2017-08-31 16:47:08', 'Reject summary for ledger date 08/30/17:  Merch recv\'d 3 rejects totaling $152.66 for reason code 2226: INVALID GCMS PRODUCT ID.  MDE submitted to correct rejects.', 'Rejects', '2018-04-11 09:36:30', '2018-04-11 09:36:30'),
	(83, 5436845556975794, '2017-08-30 16:31:18', 'Reject summary for ledger date 08/29/17:  Merch recv\'d 2 rejects totaling $133.48 for reason code 2226: INVALID GCMS PRODUCT ID.  MDE submitted to correct rejects.', 'Rejects', '2018-04-11 09:36:30', '2018-04-11 09:36:30'),
	(84, 5436845556975794, '2017-08-29 13:52:54', 'Reject summary for ledger date 08/28/17:  Merch recv\'d 2 rejects totaling $133.48 for reason code 2226: INVALID GCMS PRODUCT ID.  MDE submitted to correct rejects.', 'Rejects', '2018-04-11 09:36:30', '2018-04-11 09:36:30'),
	(85, 5436845556975794, '2017-08-18 15:52:01', 'Routing Number: 267084131 Account Number: 668121218Debit Checking Amount: 43.84 Addenda: Case: 2017227019819  MID: 5436845556975794 BOTTEGA GRILL\r\n Amt: $43.84            Comments:', 'Chargeback', '2018-04-11 09:36:31', '2018-04-11 09:36:31'),
	(86, 5436845556975794, '2017-08-14 14:58:07', 'Mary ISO ci: Ran two trans on 8/13 cc 2413 $69.08 and $29.08; needs full card number to offline the trans into the terminal; neither batched out; she will be batching out the latter of the two; nfq.', 'Batch/Transaction Lookup', '2018-04-11 09:36:31', '2018-04-11 09:36:31'),
	(87, 5436845556975794, '2017-08-14 14:51:42', 'Mary/ISO - CI because they have two trans on 08/13\r\n for card ending in 24.13\r\n one for $69.08 and $29.08\r\n they did not get paid for these\r\n adv they need to offline one and second will fall off\r\n Provided number to Software provider. NFQ', 'Batch/Transaction Lookup', '2018-04-11 09:36:31', '2018-04-11 09:36:31'),
	(88, 5436845556975794, '2017-08-13 16:35:08', 'Merchant did not provide name or position with company//\r\ncalling to see if a transaction went through for $29.08 cc 2413. transaction went through and got a valid approval\r\n however the merchant was curious if it was captured on the unsupported terminal. I explained that there was no way for me to verify that. referred to POS provider.', 'Batch/Transaction Lookup', '2018-04-11 09:36:31', '2018-04-11 09:36:31'),
	(89, 5436845556975794, '2017-08-10 15:57:21', 'Routing Number: 267084131 Account Number: 668121218Debit Checking Amount: 15.65 Addenda: Case: 2017219014182  MID: 5436845556975794 BOTTEGA GRILL\r\n Amt: $15.65            Comments:', 'Chargeback', '2018-04-11 09:36:31', '2018-04-11 09:36:31'),
	(90, 5436845556975794, '2017-08-02 15:15:39', 'Reject summary for ledger date 08/01/17:  Merch recv\'d 1 reject totaling $45.32 for reason code 2226: INVALID GCMS PRODUCT ID.  MDE submitted to correct reject.', 'Rejects', '2018-04-11 09:36:32', '2018-04-11 09:36:32'),
	(91, 5436845556975794, '2017-08-01 15:07:57', 'Reject summary for ledger date 07/31/17:  Merch recv\'d 1 reject totaling $45.32 for reason code 2226: INVALID GCMS PRODUCT ID.  MDE submitted to correct reject.', 'Rejects', '2018-04-11 09:36:32', '2018-04-11 09:36:32'),
	(92, 5436845556975794, '2017-07-31 16:25:32', 'Reject summary for ledger date 07/28/17:  Merch recv\'d 1 reject totaling $45.32 for reason code 2226: INVALID GCMS PRODUCT ID.  MDE submitted to correct reject.', 'Rejects', '2018-04-11 09:36:32', '2018-04-11 09:36:32'),
	(93, 5436845556975794, '2017-07-28 14:21:57', 'Reject summary for ledger date 07/27/17:  Merch recv\'d 1 reject totaling $45.32 for reason code 2226: INVALID GCMS PRODUCT ID.  MDE submitted to correct reject.', 'Rejects', '2018-04-11 09:36:32', '2018-04-11 09:36:32'),
	(94, 5436845556975794, '2017-07-27 16:34:23', 'Reject summary for ledger date 07/26/17:  Merch recv\'d 1 reject totaling $45.32 for reason code 2226: INVALID GCMS PRODUCT ID.  MDE submitted to correct reject.', 'Rejects', '2018-04-11 09:36:33', '2018-04-11 09:36:33'),
	(95, 5436845556975794, '2017-07-17 17:55:11', 'Dania - owner - one of the servers adjust the tip and voided the transaction // $138.19 cc3573 (100)  // term #1 unsupported terminal // gave her the full cc # // Will call adelo // noq', 'Batch/Transaction Lookup', '2018-04-11 09:36:33', '2018-04-11 09:36:33'),
	(96, 5436845556975794, '2017-07-13 16:00:25', 'Routing Number: 267084131 Account Number: 668121218Debit Checking Amount: 46.84 Addenda: Case: 2017191016261  MID: 5436845556975794 BOTTEGA GRILL\r\n Amt: $46.84            Comments:', 'Chargeback', '2018-04-11 09:36:33', '2018-04-11 09:36:33'),
	(97, 5436845556975794, '2017-05-26 21:26:03', 'Tanya\r\n Mgr\r\nvoided $28.07cc3505 5/26 by mistake. i provided full CC to re run sale', 'Batch/Transaction Lookup', '2018-04-11 09:36:33', '2018-04-11 09:36:33'),
	(98, 5436845556975794, '2017-05-26 15:45:20', 'Routing Number: 267084131 Account Number: 668121218Debit Checking Amount: 25.00 Addenda: Case: 2017145015569  MID: 5436845556975794 BOTTEGA GRILL\r\n Amt: $25.00            Comments:', 'Chargeback', '2018-04-11 09:36:34', '2018-04-11 09:36:34'),
	(99, 5436845556975794, '2017-05-15 15:50:43', 'Routing Number: 267084131 Account Number: 668121218Debit Checking Amount: 50.00 Addenda: Case: 2017132012665  MID: 5436845556975794 BOTTEGA GRILL\r\n Amt: $50.00            Comments:', 'Chargeback', '2018-04-11 09:36:34', '2018-04-11 09:36:34'),
	(100, 5436845556975794, '2017-05-15 14:47:14', 'Reject summary for ledger date 05/14/17:  Merch recv\'d 1 reject totaling $123.85 for reason code 2226: INVALID GCMS PRODUCT ID.  MDE submitted to correct reject.', 'Rejects', '2018-04-11 09:36:34', '2018-04-11 09:36:34'),
	(101, 5436845556975794, '2017-05-05 15:49:21', 'USAIDC/MEC4/Request: 95325/N/A\r\n05/05/2017\r\n No Selection\r\ntkt 1596882 removed statement mailing fee', ' ', '2018-04-11 09:36:34', '2018-04-11 09:36:34'),
	(102, 5436845556975794, '2017-04-19 13:36:42', 'Merchant received MasterCard platform clearing reject – rekeyed 04/18/17', 'Rejects', '2018-04-11 09:36:35', '2018-04-11 09:36:35'),
	(103, 5436845556975794, '2017-04-14 11:16:18', 'Merchant received MasterCard platform clearing reject – rekeyed 04/11/17', 'Rejects', '2018-04-11 09:36:35', '2018-04-11 09:36:35'),
	(104, 5436845556975794, '2017-03-30 08:06:46', 'Note entered via web by Harold_Montalvan.  Downloaded Chargeback PDF - SequenceNumber: 859848 OccuranceNumber: 1 ImageID: 2447407', 'TransLink Notes', '2018-04-11 09:36:35', '2018-04-11 09:36:35'),
	(105, 5436845556975794, '2017-03-30 07:40:37', 'Note entered via web by Harold_Montalvan.  Downloaded Chargeback PDF - SequenceNumber: 859848 OccuranceNumber: 1 ImageID: 2447407', 'TransLink Notes', '2018-04-11 09:36:35', '2018-04-11 09:36:35'),
	(106, 5436845556975794, '2017-03-30 07:40:22', 'Note entered via web by Harold_Montalvan.  Downloaded Chargeback PDF - SequenceNumber: 859209 OccuranceNumber: 1 ImageID: 2445810', 'TransLink Notes', '2018-04-11 09:36:36', '2018-04-11 09:36:36'),
	(107, 5436845556975794, '2017-03-30 07:36:32', 'Note entered via web by Harold_Montalvan.  Downloaded Chargeback PDF - SequenceNumber: 859210 OccuranceNumber: 1 ImageID: 2445811', 'TransLink Notes', '2018-04-11 09:36:36', '2018-04-11 09:36:36'),
	(108, 5436845556975794, '2017-03-30 07:36:13', 'Note entered via web by Harold_Montalvan.  Downloaded Chargeback PDF - SequenceNumber: 859211 OccuranceNumber: 1 ImageID: 2445812', 'TransLink Notes', '2018-04-11 09:36:36', '2018-04-11 09:36:36'),
	(109, 5436845556975794, '2017-03-23 15:51:02', 'Routing Number: 267084131 Account Number: 668121218Debit Checking Amount: 41.62 Addenda: 5436845556975794 BOTTEGA GRILL $41.62 Chargeback 8598481                         Comments:', 'Chargeback', '2018-04-11 09:36:36', '2018-04-11 09:36:36'),
	(110, 5436845556975794, '2017-03-22 08:49:20', 'Note entered via web by Johannes_Febles.  Downloaded Chargeback PDF - SequenceNumber: 859209 OccuranceNumber: 1 ImageID: 2445086', 'TransLink Notes', '2018-04-11 09:36:37', '2018-04-11 09:36:37'),
	(111, 5436845556975794, '2017-03-22 08:49:17', 'Note entered via web by Johannes_Febles.  Downloaded Chargeback PDF - SequenceNumber: 859209 OccuranceNumber: 1 ImageID: 2445086', 'TransLink Notes', '2018-04-11 09:36:37', '2018-04-11 09:36:37'),
	(112, 5436845556975794, '2017-03-22 08:48:43', 'Note entered via web by Johannes_Febles.  Downloaded Chargeback PDF - SequenceNumber: 859210 OccuranceNumber: 1 ImageID: 2445085', 'TransLink Notes', '2018-04-11 09:36:37', '2018-04-11 09:36:37'),
	(113, 5436845556975794, '2017-03-22 08:48:40', 'Note entered via web by Johannes_Febles.  Downloaded Chargeback PDF - SequenceNumber: 859210 OccuranceNumber: 1 ImageID: 2445085', 'TransLink Notes', '2018-04-11 09:36:37', '2018-04-11 09:36:37'),
	(114, 5436845556975794, '2017-03-22 08:47:49', 'Note entered via web by Johannes_Febles.  Downloaded Chargeback PDF - SequenceNumber: 859211 OccuranceNumber: 1 ImageID: 2445084', 'TransLink Notes', '2018-04-11 09:36:38', '2018-04-11 09:36:38'),
	(115, 5436845556975794, '2017-03-21 15:51:52', 'Routing Number: 267084131 Account Number: 668121218Debit Checking Amount: 101.88 Addenda: 5436845556975794 BOTTEGA GRILL $101.88 Chargeback 8592091                        Comments:', 'Chargeback', '2018-04-11 09:36:38', '2018-04-11 09:36:38'),
	(117, 5436845556975794, '2017-03-21 15:51:51', 'Routing Number: 267084131 Account Number: 668121218Debit Checking Amount: 201.34 Addenda: 5436845556975794 BOTTEGA GRILL $201.34 Chargeback 8592101                        Comments:', 'Chargeback', '2018-04-11 09:36:38', '2018-04-11 09:36:38'),
	(118, 5436845556975794, '2017-03-10 07:25:46', 'Note entered via web by Harold_Montalvan.  Uploaded Chargeback Response - Sequence Number: 852925 Occurrence Number: 1', 'TransLink Notes', '2018-04-11 09:36:38', '2018-04-11 09:36:38'),
	(119, 5436845556975794, '2017-03-10 07:22:15', 'Note entered via web by Harold_Montalvan.  Uploaded Chargeback Response - Sequence Number: 852926 Occurrence Number: 1', 'TransLink Notes', '2018-04-11 09:36:39', '2018-04-11 09:36:39'),
	(120, 5436845556975794, '2017-03-09 13:27:11', 'Note entered via web by Harold_Montalvan.  Downloaded Chargeback PDF - SequenceNumber: 852926 OccuranceNumber: 1 ImageID: 2423560', 'TransLink Notes', '2018-04-11 09:36:39', '2018-04-11 09:36:39'),
	(121, 5436845556975794, '2017-03-09 13:25:50', 'Note entered via web by Harold_Montalvan.  Downloaded Chargeback PDF - SequenceNumber: 852925 OccuranceNumber: 1 ImageID: 2423559', 'TransLink Notes', '2018-04-11 09:36:39', '2018-04-11 09:36:39'),
	(122, 5436845556975794, '2017-03-03 16:10:29', 'Routing Number: 267084131 Account Number: 668121218Debit Checking Amount: 48.84 Addenda: 5436845556975794 BOTTEGA GRILL $48.84 Chargeback 8529261                         Comments:', 'Chargeback', '2018-04-11 09:36:39', '2018-04-11 09:36:39'),
	(123, 5436845556975794, '2017-03-03 16:10:28', 'Routing Number: 267084131 Account Number: 668121218Debit Checking Amount: 37.25 Addenda: 5436845556975794 BOTTEGA GRILL $37.25 Chargeback 8529251                         Comments:', 'Chargeback', '2018-04-11 09:36:39', '2018-04-11 09:36:39'),
	(124, 5436845556975794, '2017-02-22 17:04:45', 'NDF Drop: largest transaction processed KAD2', 'Dep Monitoring', '2018-04-11 09:36:40', '2018-04-11 09:36:40'),
	(125, 5436845556975794, '2017-02-14 21:24:01', 'Dania Owner called and needed to refund to card 6733 for 31.32 base.  Tipped card 60.12 too much.  Gave CC info to do the refund to the card.  MGD', 'Batch/Transaction Lookup', '2018-04-11 09:36:40', '2018-04-11 09:36:40'),
	(126, 5436845556975794, '2017-02-14 15:56:34', 'Routing Number: 267084131 Account Number: 668121218Debit Checking Amount: 43.75 Addenda: 5436845556975794 BOTTEGA GRILL $43.75 Chargeback 8373752                         Comments:', 'Chargeback', '2018-04-11 09:36:40', '2018-04-11 09:36:40');
/*!40000 ALTER TABLE `merchant_note_histories` ENABLE KEYS */;

-- Дамп структуры для таблица webforms.merchant_terminal_profiles
CREATE TABLE IF NOT EXISTS `merchant_terminal_profiles` (
  `id` int(10) unsigned NOT NULL AUTO_INCREMENT,
  `MerchantId` bigint(20) unsigned NOT NULL,
  `terminalId` smallint(5) unsigned DEFAULT NULL,
  `TerminalLifecycle` varchar(191) COLLATE utf8mb4_unicode_ci DEFAULT NULL,
  `Network` varchar(191) COLLATE utf8mb4_unicode_ci DEFAULT NULL,
  `Vnumber` varchar(191) COLLATE utf8mb4_unicode_ci DEFAULT NULL,
  `TerminalBrand` varchar(191) COLLATE utf8mb4_unicode_ci DEFAULT NULL,
  `TerminalModel` varchar(191) COLLATE utf8mb4_unicode_ci DEFAULT NULL,
  `ApplicationProgramm` varchar(191) COLLATE utf8mb4_unicode_ci DEFAULT NULL,
  `EMVReaderModel` varchar(191) COLLATE utf8mb4_unicode_ci DEFAULT NULL,
  `Status` varchar(191) COLLATE utf8mb4_unicode_ci DEFAULT NULL,
  `Semiintergrated` varchar(191) COLLATE utf8mb4_unicode_ci DEFAULT NULL,
  `created_at` timestamp NULL DEFAULT NULL,
  `updated_at` timestamp NULL DEFAULT NULL,
  PRIMARY KEY (`id`),
  UNIQUE KEY `unique` (`MerchantId`,`terminalId`),
  KEY `merchant_terminal_profiles_merchantid_index` (`MerchantId`)
) ENGINE=InnoDB AUTO_INCREMENT=18 DEFAULT CHARSET=utf8mb4 COLLATE=utf8mb4_unicode_ci;

-- Дамп данных таблицы webforms.merchant_terminal_profiles: ~17 rows (приблизительно)
/*!40000 ALTER TABLE `merchant_terminal_profiles` DISABLE KEYS */;
INSERT INTO `merchant_terminal_profiles` (`id`, `MerchantId`, `terminalId`, `TerminalLifecycle`, `Network`, `Vnumber`, `TerminalBrand`, `TerminalModel`, `ApplicationProgramm`, `EMVReaderModel`, `Status`, `Semiintergrated`, `created_at`, `updated_at`) VALUES
	(1, 5436845557429932, 1, 'Retired', 'VISA', 'V4061943', 'VERIFONE', 'Vx520 EMV', 'XEVA433', '', 'N', '', '2018-04-12 06:47:08', '2018-04-12 06:47:08'),
	(2, 5436845557429932, 2, 'Retired', 'VISA', 'V4061945', 'VERIFONE', 'Vx520 EMV', 'XEVA433', '', 'N', '', '2018-04-12 06:47:08', '2018-04-12 06:47:08'),
	(3, 5436845557429932, 3, 'Retired', 'VISA', 'V4061950', 'INGENICO', 'iCT220 EMV', 'TSYSEMV3.5', '', 'N', '', '2018-04-12 06:47:08', '2018-04-12 06:47:08'),
	(4, 5436845557429932, 4, 'Retired', 'VISA', 'V4061953', 'INGENICO', 'iCT220 EMV', 'TSYSEMV3.5', '', 'N', '', '2018-04-12 06:47:08', '2018-04-12 06:47:08'),
	(5, 5436845557429932, 5, 'Core', 'VISA', 'V9025606', 'VERIFONE', 'Vx520 EMV', 'XEVA440CVM', '', 'N', '', '2018-04-12 06:47:09', '2018-04-12 06:47:09'),
	(6, 5436845557429932, 6, 'Core', 'VISA', 'V9025607', 'VERIFONE', 'Vx520 EMV', 'XEVA440CVM', '', 'N', '', '2018-04-12 06:47:09', '2018-04-12 06:47:09'),
	(7, 5436845557429932, 7, '', 'VISA', 'V9027493', 'INTERNET/SSL', 'UNSUPPORTED', 'UNSUPPORTED', '', 'N', '', '2018-04-12 06:47:09', '2018-04-12 06:47:09'),
	(8, 5436845556975794, 1, '', 'VISA', 'V2897616', 'INTERNET/SSL', 'UNSUPPORTED', 'UNSUPPORTED', '', 'N', '', '2018-04-12 06:47:09', '2018-04-12 06:47:09'),
	(9, 5436845556975794, 2, '', 'VISA', 'V2897617', 'INTERNET/SSL', 'UNSUPPORTED', 'UNSUPPORTED', '', 'N', '', '2018-04-12 06:47:09', '2018-04-12 06:47:09'),
	(10, 5436845556974250, 1, 'Non Class-A', 'VISA', 'V2894414', 'VERIFONE', 'Vx510-Dual Comm', 'SEVA321S', '', 'C', '', '2018-04-12 06:47:09', '2018-04-12 06:47:09'),
	(11, 5436845556974250, 2, 'Non Class-A', 'VISA', 'V2894415', 'VERIFONE', 'Vx510-Dual Comm', 'SEVA321S', '', 'C', '', '2018-04-12 06:47:09', '2018-04-12 06:47:09'),
	(12, 5436845556974250, 3, 'Retired', 'VISA', 'V2896779', 'VERIFONE', 'Vx570 EMV', 'SEVA321', '', 'C', '', '2018-04-12 06:47:09', '2018-04-12 06:47:09'),
	(13, 5436845556974250, 4, 'Retired', 'VISA', 'V2896781', 'VERIFONE', 'Vx570 EMV', 'SEVA321', '', 'C', '', '2018-04-12 06:47:09', '2018-04-12 06:47:09'),
	(14, 5436845556974250, 5, '', 'VISA', 'V3524446', 'TXP', 'TXP', 'Stage_Only', '', 'C', '', '2018-04-12 06:47:10', '2018-04-12 06:47:10'),
	(15, 5436845556974250, 6, 'Retired', 'VISA', 'V3552403', 'VERIFONE', 'Vx570 EMV', 'SEVA321', '', 'C', '', '2018-04-12 06:47:10', '2018-04-12 06:47:10'),
	(16, 5436845556974250, 7, 'Unsupported', 'VISA', 'V4151445', 'UNSUPPORT TERM', 'UNSUPPORT TERM', 'UNSUPPORTED', '', 'U', '', '2018-04-12 06:47:10', '2018-04-12 06:47:10'),
	(17, 5436845556974250, 8, 'Unsupported', 'VISA', 'V4151448', 'UNSUPPORT TERM', 'UNSUPPORT TERM', 'UNSUPPORTED', '', 'U', '', '2018-04-12 06:47:10', '2018-04-12 06:47:10');
/*!40000 ALTER TABLE `merchant_terminal_profiles` ENABLE KEYS */;

-- Дамп структуры для таблица webforms.notetopeoples
CREATE TABLE IF NOT EXISTS `notetopeoples` (
  `id` int(10) unsigned NOT NULL AUTO_INCREMENT,
  `merchant_note_histories_id` int(10) unsigned NOT NULL,
  `Person` varchar(191) COLLATE utf8mb4_unicode_ci NOT NULL,
  `created_at` timestamp NULL DEFAULT NULL,
  `updated_at` timestamp NULL DEFAULT NULL,
  PRIMARY KEY (`id`),
  KEY `notetopeoples_merchant_note_histories_id_index` (`merchant_note_histories_id`)
) ENGINE=InnoDB AUTO_INCREMENT=232 DEFAULT CHARSET=utf8mb4 COLLATE=utf8mb4_unicode_ci;

-- Дамп данных таблицы webforms.notetopeoples: ~231 rows (приблизительно)
/*!40000 ALTER TABLE `notetopeoples` DISABLE KEYS */;
INSERT INTO `notetopeoples` (`id`, `merchant_note_histories_id`, `Person`, `created_at`, `updated_at`) VALUES
	(1, 3, 'Fredlund                 ', '2018-04-11 09:36:12', '2018-04-11 09:36:12'),
	(2, 3, ' Joshua                   ', '2018-04-11 09:36:12', '2018-04-11 09:36:12'),
	(3, 4, 'System                   ', '2018-04-11 09:36:12', '2018-04-11 09:36:12'),
	(4, 4, ' Ontrak                   ', '2018-04-11 09:36:12', '2018-04-11 09:36:12'),
	(5, 5, 'Fredlund                 ', '2018-04-11 09:36:12', '2018-04-11 09:36:12'),
	(6, 5, ' Joshua                   ', '2018-04-11 09:36:12', '2018-04-11 09:36:12'),
	(7, 6, 'Fredlund                 ', '2018-04-11 09:36:13', '2018-04-11 09:36:13'),
	(8, 6, ' Joshua                   ', '2018-04-11 09:36:13', '2018-04-11 09:36:13'),
	(9, 7, 'Baker                    ', '2018-04-11 09:36:13', '2018-04-11 09:36:13'),
	(10, 7, ' Katherine                ', '2018-04-11 09:36:13', '2018-04-11 09:36:13'),
	(11, 8, 'Baker                    ', '2018-04-11 09:36:13', '2018-04-11 09:36:13'),
	(12, 8, ' Katherine                ', '2018-04-11 09:36:13', '2018-04-11 09:36:13'),
	(13, 9, 'Nelson                   ', '2018-04-11 09:36:13', '2018-04-11 09:36:13'),
	(14, 9, ' Taylor                   ', '2018-04-11 09:36:13', '2018-04-11 09:36:13'),
	(15, 10, 'Nelson                   ', '2018-04-11 09:36:14', '2018-04-11 09:36:14'),
	(16, 10, ' Taylor                   ', '2018-04-11 09:36:14', '2018-04-11 09:36:14'),
	(17, 11, 'Hozempa                  ', '2018-04-11 09:36:14', '2018-04-11 09:36:14'),
	(18, 11, ' Sandy                    ', '2018-04-11 09:36:14', '2018-04-11 09:36:14'),
	(19, 12, 'Cowan                    ', '2018-04-11 09:36:14', '2018-04-11 09:36:14'),
	(20, 12, ' Elizabeth                ', '2018-04-11 09:36:14', '2018-04-11 09:36:14'),
	(21, 13, 'Broughton                ', '2018-04-11 09:36:14', '2018-04-11 09:36:14'),
	(22, 13, ' LeeAnn                   ', '2018-04-11 09:36:14', '2018-04-11 09:36:14'),
	(23, 14, 'Arakawa                  ', '2018-04-11 09:36:15', '2018-04-11 09:36:15'),
	(24, 14, ' Chadd                    ', '2018-04-11 09:36:15', '2018-04-11 09:36:15'),
	(25, 15, 'Conlon                   ', '2018-04-11 09:36:15', '2018-04-11 09:36:15'),
	(26, 15, ' Cassidy                  ', '2018-04-11 09:36:15', '2018-04-11 09:36:15'),
	(27, 16, 'System                   ', '2018-04-11 09:36:15', '2018-04-11 09:36:15'),
	(28, 16, ' Ontrak                   ', '2018-04-11 09:36:15', '2018-04-11 09:36:15'),
	(29, 17, 'ONeil                    ', '2018-04-11 09:36:15', '2018-04-11 09:36:15'),
	(30, 17, ' Theresa                  ', '2018-04-11 09:36:15', '2018-04-11 09:36:15'),
	(31, 18, 'Levis                    ', '2018-04-11 09:36:16', '2018-04-11 09:36:16'),
	(32, 18, ' Athena                   ', '2018-04-11 09:36:16', '2018-04-11 09:36:16'),
	(33, 19, 'Kadunc                   ', '2018-04-11 09:36:16', '2018-04-11 09:36:16'),
	(34, 19, ' Paula                    ', '2018-04-11 09:36:16', '2018-04-11 09:36:16'),
	(35, 20, 'Richards                 ', '2018-04-11 09:36:16', '2018-04-11 09:36:16'),
	(36, 20, ' Julia                    ', '2018-04-11 09:36:16', '2018-04-11 09:36:16'),
	(37, 21, 'Cranmer                  ', '2018-04-11 09:36:16', '2018-04-11 09:36:16'),
	(38, 21, ' Joshua                   ', '2018-04-11 09:36:16', '2018-04-11 09:36:16'),
	(39, 22, 'System                   ', '2018-04-11 09:36:16', '2018-04-11 09:36:16'),
	(40, 22, ' Ontrak                   ', '2018-04-11 09:36:17', '2018-04-11 09:36:17'),
	(41, 23, 'Thao                     ', '2018-04-11 09:36:17', '2018-04-11 09:36:17'),
	(42, 23, ' Ka                       ', '2018-04-11 09:36:17', '2018-04-11 09:36:17'),
	(43, 25, 'Engle                    ', '2018-04-11 09:36:17', '2018-04-11 09:36:17'),
	(44, 25, ' Donald                   ', '2018-04-11 09:36:17', '2018-04-11 09:36:17'),
	(45, 26, 'Lloyd                    ', '2018-04-11 09:36:17', '2018-04-11 09:36:17'),
	(46, 26, ' Dezarhea                 ', '2018-04-11 09:36:17', '2018-04-11 09:36:17'),
	(47, 27, 'Lloyd                    ', '2018-04-11 09:36:18', '2018-04-11 09:36:18'),
	(48, 27, ' Dezarhea                 ', '2018-04-11 09:36:18', '2018-04-11 09:36:18'),
	(49, 28, 'Chopra                   ', '2018-04-11 09:36:18', '2018-04-11 09:36:18'),
	(50, 28, ' Bela                     ', '2018-04-11 09:36:18', '2018-04-11 09:36:18'),
	(51, 29, 'Chopra                   ', '2018-04-11 09:36:18', '2018-04-11 09:36:18'),
	(52, 29, ' Bela                     ', '2018-04-11 09:36:18', '2018-04-11 09:36:18'),
	(53, 30, 'Chopra                   ', '2018-04-11 09:36:18', '2018-04-11 09:36:18'),
	(54, 30, ' Bela                     ', '2018-04-11 09:36:18', '2018-04-11 09:36:18'),
	(55, 33, 'Prewett                  ', '2018-04-11 09:36:19', '2018-04-11 09:36:19'),
	(56, 33, ' Marissa                  ', '2018-04-11 09:36:19', '2018-04-11 09:36:19'),
	(57, 34, 'Katz                     ', '2018-04-11 09:36:19', '2018-04-11 09:36:19'),
	(58, 34, ' Heather                  ', '2018-04-11 09:36:19', '2018-04-11 09:36:19'),
	(59, 35, 'Profile                  ', '2018-04-11 09:36:19', '2018-04-11 09:36:19'),
	(60, 35, ' Capture                  ', '2018-04-11 09:36:19', '2018-04-11 09:36:19'),
	(61, 36, 'Profile                  ', '2018-04-11 09:36:19', '2018-04-11 09:36:19'),
	(62, 36, ' Capture                  ', '2018-04-11 09:36:19', '2018-04-11 09:36:19'),
	(63, 37, 'Profile                  ', '2018-04-11 09:36:20', '2018-04-11 09:36:20'),
	(64, 37, ' Capture                  ', '2018-04-11 09:36:20', '2018-04-11 09:36:20'),
	(65, 38, 'Romero                   ', '2018-04-11 09:36:20', '2018-04-11 09:36:20'),
	(66, 38, ' Ryan                     ', '2018-04-11 09:36:20', '2018-04-11 09:36:20'),
	(67, 39, 'Hozempa                  ', '2018-04-11 09:36:20', '2018-04-11 09:36:20'),
	(68, 39, ' Sandy                    ', '2018-04-11 09:36:20', '2018-04-11 09:36:20'),
	(69, 40, 'Cowan                    ', '2018-04-11 09:36:20', '2018-04-11 09:36:20'),
	(70, 40, ' Elizabeth                ', '2018-04-11 09:36:20', '2018-04-11 09:36:20'),
	(71, 42, 'Gressmann                ', '2018-04-11 09:36:21', '2018-04-11 09:36:21'),
	(72, 42, ' Heather                  ', '2018-04-11 09:36:21', '2018-04-11 09:36:21'),
	(73, 43, 'Profile                  ', '2018-04-11 09:36:21', '2018-04-11 09:36:21'),
	(74, 43, ' Capture                  ', '2018-04-11 09:36:21', '2018-04-11 09:36:21'),
	(75, 44, 'Profile                  ', '2018-04-11 09:36:21', '2018-04-11 09:36:21'),
	(76, 44, ' Capture                  ', '2018-04-11 09:36:21', '2018-04-11 09:36:21'),
	(77, 46, 'Gressmann                ', '2018-04-11 09:36:21', '2018-04-11 09:36:21'),
	(78, 46, ' Heather                  ', '2018-04-11 09:36:21', '2018-04-11 09:36:21'),
	(79, 47, 'Profile                  ', '2018-04-11 09:36:22', '2018-04-11 09:36:22'),
	(80, 47, ' Capture                  ', '2018-04-11 09:36:22', '2018-04-11 09:36:22'),
	(81, 48, 'Katz                     ', '2018-04-11 09:36:22', '2018-04-11 09:36:22'),
	(82, 48, ' Heather                  ', '2018-04-11 09:36:22', '2018-04-11 09:36:22'),
	(83, 49, 'Gressmann                ', '2018-04-11 09:36:22', '2018-04-11 09:36:22'),
	(84, 49, ' Heather                  ', '2018-04-11 09:36:22', '2018-04-11 09:36:22'),
	(85, 50, 'Profile                  ', '2018-04-11 09:36:22', '2018-04-11 09:36:22'),
	(86, 50, ' Capture                  ', '2018-04-11 09:36:22', '2018-04-11 09:36:22'),
	(87, 51, 'Katz                     ', '2018-04-11 09:36:23', '2018-04-11 09:36:23'),
	(88, 51, ' Heather                  ', '2018-04-11 09:36:23', '2018-04-11 09:36:23'),
	(89, 52, 'Profile                  ', '2018-04-11 09:36:23', '2018-04-11 09:36:23'),
	(90, 52, ' Capture                  ', '2018-04-11 09:36:23', '2018-04-11 09:36:23'),
	(91, 53, 'Gressmann                ', '2018-04-11 09:36:23', '2018-04-11 09:36:23'),
	(92, 53, ' Heather                  ', '2018-04-11 09:36:23', '2018-04-11 09:36:23'),
	(93, 54, 'Profile                  ', '2018-04-11 09:36:23', '2018-04-11 09:36:23'),
	(94, 54, ' Capture                  ', '2018-04-11 09:36:24', '2018-04-11 09:36:24'),
	(95, 55, 'Profile                  ', '2018-04-11 09:36:24', '2018-04-11 09:36:24'),
	(96, 55, ' Capture                  ', '2018-04-11 09:36:24', '2018-04-11 09:36:24'),
	(97, 57, 'Profile                  ', '2018-04-11 09:36:24', '2018-04-11 09:36:24'),
	(98, 57, ' Capture                  ', '2018-04-11 09:36:24', '2018-04-11 09:36:24'),
	(99, 58, 'Profile                  ', '2018-04-11 09:36:24', '2018-04-11 09:36:24'),
	(100, 58, ' Capture                  ', '2018-04-11 09:36:24', '2018-04-11 09:36:24'),
	(101, 59, 'Profile                  ', '2018-04-11 09:36:24', '2018-04-11 09:36:24'),
	(102, 59, ' Capture                  ', '2018-04-11 09:36:25', '2018-04-11 09:36:25'),
	(103, 61, 'Gressmann                ', '2018-04-11 09:36:25', '2018-04-11 09:36:25'),
	(104, 61, ' Heather                  ', '2018-04-11 09:36:25', '2018-04-11 09:36:25'),
	(105, 62, 'Katz                     ', '2018-04-11 09:36:25', '2018-04-11 09:36:25'),
	(106, 62, ' Heather                  ', '2018-04-11 09:36:25', '2018-04-11 09:36:25'),
	(107, 63, 'Katz                     ', '2018-04-11 09:36:25', '2018-04-11 09:36:25'),
	(108, 63, ' Heather                  ', '2018-04-11 09:36:25', '2018-04-11 09:36:25'),
	(109, 64, 'Elshof                   ', '2018-04-11 09:36:25', '2018-04-11 09:36:25'),
	(110, 64, ' Courtney                 ', '2018-04-11 09:36:26', '2018-04-11 09:36:26'),
	(111, 65, 'Kirkpatrick              ', '2018-04-11 09:36:26', '2018-04-11 09:36:26'),
	(112, 65, ' William                  ', '2018-04-11 09:36:26', '2018-04-11 09:36:26'),
	(113, 66, 'Katz                     ', '2018-04-11 09:36:26', '2018-04-11 09:36:26'),
	(114, 66, ' Heather                  ', '2018-04-11 09:36:26', '2018-04-11 09:36:26'),
	(115, 67, 'Katz                     ', '2018-04-11 09:36:26', '2018-04-11 09:36:26'),
	(116, 67, ' Heather                  ', '2018-04-11 09:36:26', '2018-04-11 09:36:26'),
	(117, 68, 'Gressmann                ', '2018-04-11 09:36:26', '2018-04-11 09:36:26'),
	(118, 68, ' Heather                  ', '2018-04-11 09:36:27', '2018-04-11 09:36:27'),
	(119, 69, 'Gressmann                ', '2018-04-11 09:36:27', '2018-04-11 09:36:27'),
	(120, 69, ' Heather                  ', '2018-04-11 09:36:27', '2018-04-11 09:36:27'),
	(121, 70, 'Gressmann                ', '2018-04-11 09:36:27', '2018-04-11 09:36:27'),
	(122, 70, ' Heather                  ', '2018-04-11 09:36:27', '2018-04-11 09:36:27'),
	(123, 71, 'Gressmann                ', '2018-04-11 09:36:27', '2018-04-11 09:36:27'),
	(124, 71, ' Heather                  ', '2018-04-11 09:36:27', '2018-04-11 09:36:27'),
	(125, 72, 'Gressmann                ', '2018-04-11 09:36:27', '2018-04-11 09:36:27'),
	(126, 72, ' Heather                  ', '2018-04-11 09:36:28', '2018-04-11 09:36:28'),
	(127, 73, 'Gressmann                ', '2018-04-11 09:36:28', '2018-04-11 09:36:28'),
	(128, 73, ' Heather                  ', '2018-04-11 09:36:28', '2018-04-11 09:36:28'),
	(129, 74, 'Gressmann                ', '2018-04-11 09:36:28', '2018-04-11 09:36:28'),
	(130, 74, ' Heather                  ', '2018-04-11 09:36:28', '2018-04-11 09:36:28'),
	(131, 75, 'Gressmann                ', '2018-04-11 09:36:28', '2018-04-11 09:36:28'),
	(132, 75, ' Heather                  ', '2018-04-11 09:36:28', '2018-04-11 09:36:28'),
	(133, 76, 'Profile                  ', '2018-04-11 09:36:28', '2018-04-11 09:36:28'),
	(134, 76, ' Capture                  ', '2018-04-11 09:36:28', '2018-04-11 09:36:28'),
	(135, 77, 'Gressmann                ', '2018-04-11 09:36:29', '2018-04-11 09:36:29'),
	(136, 77, ' Heather                  ', '2018-04-11 09:36:29', '2018-04-11 09:36:29'),
	(137, 78, 'Gressmann                ', '2018-04-11 09:36:29', '2018-04-11 09:36:29'),
	(138, 78, ' Heather                  ', '2018-04-11 09:36:29', '2018-04-11 09:36:29'),
	(139, 79, 'Katz                     ', '2018-04-11 09:36:29', '2018-04-11 09:36:29'),
	(140, 79, ' Heather                  ', '2018-04-11 09:36:29', '2018-04-11 09:36:29'),
	(141, 80, 'Montoya                  ', '2018-04-11 09:36:29', '2018-04-11 09:36:29'),
	(142, 80, ' Emilio                   ', '2018-04-11 09:36:29', '2018-04-11 09:36:29'),
	(143, 81, 'Katz                     ', '2018-04-11 09:36:30', '2018-04-11 09:36:30'),
	(144, 81, ' Heather                  ', '2018-04-11 09:36:30', '2018-04-11 09:36:30'),
	(145, 82, 'Gressmann                ', '2018-04-11 09:36:30', '2018-04-11 09:36:30'),
	(146, 82, ' Heather                  ', '2018-04-11 09:36:30', '2018-04-11 09:36:30'),
	(147, 83, 'Gressmann                ', '2018-04-11 09:36:30', '2018-04-11 09:36:30'),
	(148, 83, ' Heather                  ', '2018-04-11 09:36:30', '2018-04-11 09:36:30'),
	(149, 84, 'Gressmann                ', '2018-04-11 09:36:30', '2018-04-11 09:36:30'),
	(150, 84, ' Heather                  ', '2018-04-11 09:36:30', '2018-04-11 09:36:30'),
	(151, 85, 'Profile                  ', '2018-04-11 09:36:31', '2018-04-11 09:36:31'),
	(152, 85, ' Capture                  ', '2018-04-11 09:36:31', '2018-04-11 09:36:31'),
	(153, 86, 'Engle                    ', '2018-04-11 09:36:31', '2018-04-11 09:36:31'),
	(154, 86, ' Donald                   ', '2018-04-11 09:36:31', '2018-04-11 09:36:31'),
	(155, 87, 'ValadezTapia             ', '2018-04-11 09:36:31', '2018-04-11 09:36:31'),
	(156, 87, ' Ana                      ', '2018-04-11 09:36:31', '2018-04-11 09:36:31'),
	(157, 88, 'Webster                  ', '2018-04-11 09:36:31', '2018-04-11 09:36:31'),
	(158, 88, ' Thomas                   ', '2018-04-11 09:36:31', '2018-04-11 09:36:31'),
	(159, 89, 'Profile                  ', '2018-04-11 09:36:32', '2018-04-11 09:36:32'),
	(160, 89, ' Capture                  ', '2018-04-11 09:36:32', '2018-04-11 09:36:32'),
	(161, 90, 'Gressmann                ', '2018-04-11 09:36:32', '2018-04-11 09:36:32'),
	(162, 90, ' Heather                  ', '2018-04-11 09:36:32', '2018-04-11 09:36:32'),
	(163, 91, 'Gressmann                ', '2018-04-11 09:36:32', '2018-04-11 09:36:32'),
	(164, 91, ' Heather                  ', '2018-04-11 09:36:32', '2018-04-11 09:36:32'),
	(165, 92, 'Gressmann                ', '2018-04-11 09:36:32', '2018-04-11 09:36:32'),
	(166, 92, ' Heather                  ', '2018-04-11 09:36:32', '2018-04-11 09:36:32'),
	(167, 93, 'Gressmann                ', '2018-04-11 09:36:33', '2018-04-11 09:36:33'),
	(168, 93, ' Heather                  ', '2018-04-11 09:36:33', '2018-04-11 09:36:33'),
	(169, 94, 'Gressmann                ', '2018-04-11 09:36:33', '2018-04-11 09:36:33'),
	(170, 94, ' Heather                  ', '2018-04-11 09:36:33', '2018-04-11 09:36:33'),
	(171, 95, 'Blue                     ', '2018-04-11 09:36:33', '2018-04-11 09:36:33'),
	(172, 95, ' Sharon                   ', '2018-04-11 09:36:33', '2018-04-11 09:36:33'),
	(173, 96, 'Profile                  ', '2018-04-11 09:36:33', '2018-04-11 09:36:33'),
	(174, 96, ' Capture                  ', '2018-04-11 09:36:33', '2018-04-11 09:36:33'),
	(175, 97, 'Deleon                   ', '2018-04-11 09:36:33', '2018-04-11 09:36:33'),
	(176, 97, ' Ruben                    ', '2018-04-11 09:36:34', '2018-04-11 09:36:34'),
	(177, 98, 'Profile                  ', '2018-04-11 09:36:34', '2018-04-11 09:36:34'),
	(178, 98, ' Capture                  ', '2018-04-11 09:36:34', '2018-04-11 09:36:34'),
	(179, 99, 'Profile                  ', '2018-04-11 09:36:34', '2018-04-11 09:36:34'),
	(180, 99, ' Capture                  ', '2018-04-11 09:36:34', '2018-04-11 09:36:34'),
	(181, 100, 'Arakawa                  ', '2018-04-11 09:36:34', '2018-04-11 09:36:34'),
	(182, 100, ' Chadd                    ', '2018-04-11 09:36:34', '2018-04-11 09:36:34'),
	(183, 101, 'Callahan                 ', '2018-04-11 09:36:34', '2018-04-11 09:36:34'),
	(184, 101, ' Meghan                   ', '2018-04-11 09:36:35', '2018-04-11 09:36:35'),
	(185, 102, 'Arakawa                  ', '2018-04-11 09:36:35', '2018-04-11 09:36:35'),
	(186, 102, ' Chadd                    ', '2018-04-11 09:36:35', '2018-04-11 09:36:35'),
	(187, 103, 'Arakawa                  ', '2018-04-11 09:36:35', '2018-04-11 09:36:35'),
	(188, 103, ' Chadd                    ', '2018-04-11 09:36:35', '2018-04-11 09:36:35'),
	(189, 104, 'User                     ', '2018-04-11 09:36:35', '2018-04-11 09:36:35'),
	(190, 104, ' TransLink                ', '2018-04-11 09:36:35', '2018-04-11 09:36:35'),
	(191, 105, 'User                     ', '2018-04-11 09:36:35', '2018-04-11 09:36:35'),
	(192, 105, ' TransLink                ', '2018-04-11 09:36:35', '2018-04-11 09:36:35'),
	(193, 106, 'User                     ', '2018-04-11 09:36:36', '2018-04-11 09:36:36'),
	(194, 106, ' TransLink                ', '2018-04-11 09:36:36', '2018-04-11 09:36:36'),
	(195, 107, 'User                     ', '2018-04-11 09:36:36', '2018-04-11 09:36:36'),
	(196, 107, ' TransLink                ', '2018-04-11 09:36:36', '2018-04-11 09:36:36'),
	(197, 108, 'User                     ', '2018-04-11 09:36:36', '2018-04-11 09:36:36'),
	(198, 108, ' TransLink                ', '2018-04-11 09:36:36', '2018-04-11 09:36:36'),
	(199, 109, 'Hinh                     ', '2018-04-11 09:36:36', '2018-04-11 09:36:36'),
	(200, 109, ' Van                      ', '2018-04-11 09:36:36', '2018-04-11 09:36:36'),
	(201, 110, 'User                     ', '2018-04-11 09:36:37', '2018-04-11 09:36:37'),
	(202, 110, ' TransLink                ', '2018-04-11 09:36:37', '2018-04-11 09:36:37'),
	(203, 111, 'User                     ', '2018-04-11 09:36:37', '2018-04-11 09:36:37'),
	(204, 111, ' TransLink                ', '2018-04-11 09:36:37', '2018-04-11 09:36:37'),
	(205, 112, 'User                     ', '2018-04-11 09:36:37', '2018-04-11 09:36:37'),
	(206, 112, ' TransLink                ', '2018-04-11 09:36:37', '2018-04-11 09:36:37'),
	(207, 113, 'User                     ', '2018-04-11 09:36:37', '2018-04-11 09:36:37'),
	(208, 113, ' TransLink                ', '2018-04-11 09:36:37', '2018-04-11 09:36:37'),
	(209, 114, 'User                     ', '2018-04-11 09:36:38', '2018-04-11 09:36:38'),
	(210, 114, ' TransLink                ', '2018-04-11 09:36:38', '2018-04-11 09:36:38'),
	(211, 115, 'Hinh                     ', '2018-04-11 09:36:38', '2018-04-11 09:36:38'),
	(212, 115, ' Phuong                   ', '2018-04-11 09:36:38', '2018-04-11 09:36:38'),
	(213, 117, 'Hinh                     ', '2018-04-11 09:36:38', '2018-04-11 09:36:38'),
	(214, 117, ' Phuong                   ', '2018-04-11 09:36:38', '2018-04-11 09:36:38'),
	(215, 118, 'User                     ', '2018-04-11 09:36:38', '2018-04-11 09:36:38'),
	(216, 118, ' TransLink                ', '2018-04-11 09:36:38', '2018-04-11 09:36:38'),
	(217, 119, 'User                     ', '2018-04-11 09:36:39', '2018-04-11 09:36:39'),
	(218, 119, ' TransLink                ', '2018-04-11 09:36:39', '2018-04-11 09:36:39'),
	(219, 120, 'User                     ', '2018-04-11 09:36:39', '2018-04-11 09:36:39'),
	(220, 120, ' TransLink                ', '2018-04-11 09:36:39', '2018-04-11 09:36:39'),
	(221, 121, 'User                     ', '2018-04-11 09:36:39', '2018-04-11 09:36:39'),
	(222, 121, ' TransLink                ', '2018-04-11 09:36:39', '2018-04-11 09:36:39'),
	(223, 122, 'Hinh                     ', '2018-04-11 09:36:39', '2018-04-11 09:36:39'),
	(224, 122, ' Van                      ', '2018-04-11 09:36:39', '2018-04-11 09:36:39'),
	(225, 123, 'Hinh                     ', '2018-04-11 09:36:40', '2018-04-11 09:36:40'),
	(226, 123, ' Van                      ', '2018-04-11 09:36:40', '2018-04-11 09:36:40'),
	(227, 124, 'DeFries                  ', '2018-04-11 09:36:40', '2018-04-11 09:36:40'),
	(228, 124, ' Katera                   ', '2018-04-11 09:36:40', '2018-04-11 09:36:40'),
	(229, 125, 'Dodge                    ', '2018-04-11 09:36:40', '2018-04-11 09:36:40'),
	(230, 125, ' Michael                  ', '2018-04-11 09:36:40', '2018-04-11 09:36:40'),
	(231, 126, 'Hinh                     ', '2018-04-11 09:36:40', '2018-04-11 09:36:40');
/*!40000 ALTER TABLE `notetopeoples` ENABLE KEYS */;

/*!40101 SET SQL_MODE=IFNULL(@OLD_SQL_MODE, '') */;
/*!40014 SET FOREIGN_KEY_CHECKS=IF(@OLD_FOREIGN_KEY_CHECKS IS NULL, 1, @OLD_FOREIGN_KEY_CHECKS) */;
/*!40101 SET CHARACTER_SET_CLIENT=@OLD_CHARACTER_SET_CLIENT */;
